student_id,attendance_rate,assignment_completion,previous_gpa,study_hours_per_week,resource_utilization,program,year_of_study,current_performance,risk_level
S1000,0.5977439505852662,0.6830986900163247,1.555398786515859,16.053371768950324,0.26170568373590597,Engineering,4,50.825127474828804,medium
S1001,0.8796777204036011,0.7512334121360964,2.6257028421350745,14.896274451262197,0.24697879907199982,Physics,3,61.956333360770486,medium
S1003,0.7992810689111141,0.874978270652536,3.1966746592286834,10.896187001158534,0.2495461998495061,Engineering,4,70.86348012411452,low
S1004,0.6610827824236789,0.8663038257713659,3.4196834435843493,12.025672944789855,0.271949726128631,Computer Science,2,56.78619430808095,medium
S1005,0.6278243396275823,0.696663075455989,2.976350100132152,12.565860646010114,0.7593982624179637,Physics,1,67.09218335447666,medium
S1006,0.6010914912753866,0.8863054936338779,3.0768296935535573,17.824998707592638,0.44973984245054,Business,4,72.27939515873537,low
S1007,0.9192306726234241,0.9121676337711563,3.5475869546959578,16.474473855079474,0.7767105569551812,Computer Science,4,82.06257958872744,low
S1008,0.6915655561034398,0.7628523818478175,1.7490040265775577,18.629247691009894,0.06536615756438524,Computer Science,2,60.935408622153155,medium
S1009,0.7829460190483225,0.7810001711061485,2.4682748909294214,23.18161458472172,0.4875711936733843,Computer Science,4,73.55033771802586,low
S1010,0.4819766974129413,0.6735824795704702,1.6636283254588067,24.57658642276671,0.03361360018328263,Computer Science,3,60.7065338585673,medium
S1011,0.9866937500559435,0.8566787311087426,3.963004023989941,21.82556921056834,0.06265320345535452,Engineering,2,73.99890031827528,low
S1012,0.9287682757096356,0.9670726379109471,3.83217801905984,28.710187182693105,0.906437453344411,Engineering,1,98.6621175798069,low
S1013,0.5081897212953105,0.6796833768906497,1.1182804341055177,1.5287448976144873,0.13924537111759516,Engineering,1,33.05466310176074,high
S1015,0.6973724498672266,0.7439025691040402,3.7757449522469972,1.2193233743661214,0.41109560260070654,Business,1,51.50904174762095,medium
S1016,0.5721142376894882,0.604523811588932,1.5417260353820006,19.776766710483486,0.3473433262588427,Business,4,54.91473476997953,medium
S1017,0.7364524279456248,0.8249163685534288,2.7038356916578885,27.04288591954962,0.8998333456872725,Mathematics,4,80.49358108557018,low
S1020,0.7960680732833717,0.8118174518585644,3.0922608017405198,2.7477543183972646,0.9633944342135504,Engineering,1,68.03130267895952,medium
S1021,0.5407263778870386,0.6406185078032104,1.8920470221176524,28.098644777359915,0.5601681834618419,Mathematics,3,61.46616743182935,medium
S1023,0.7717147503149998,0.9534260151021804,3.9131747354961033,3.941204025027279,0.05225787928602377,Business,1,65.36618426347589,medium
S1024,0.7970844545264852,0.9444788358647033,3.8327994673403016,15.090281016403443,0.4187933190741614,Physics,2,77.79042160432175,low
S1025,0.8065097852354841,0.714750623348032,2.422642649972391,8.44652046389473,0.26015779096205116,Mathematics,1,56.389688655957315,medium
S1028,0.7041427055814473,0.5692602611691993,1.957301419729767,24.28775103714724,0.2565300624442478,Computer Science,1,54.11721663622669,medium
S1029,0.6277636261359016,0.916208012546416,3.486746422452032,16.63567702358238,0.6541746014740745,Engineering,4,71.70169024325286,low
S1030,0.6459674159764893,0.6661985326058664,1.1110229041464779,10.027923275524106,0.19809763275974013,Engineering,2,49.058211354333054,high
S1031,0.6188441659490139,0.8788132051332873,2.7888096354461593,18.699679716016632,0.5653302545716099,Mathematics,2,64.02097718193639,medium
S1033,0.7842374873385544,0.6294736750778143,1.3617006573318364,8.906096021272479,0.9720053296315371,Computer Science,1,62.008961019310476,medium
S1034,0.7802856819426678,0.6676429401320852,1.2308596048876275,12.992923944235194,0.6085272726964666,Engineering,2,54.505094785204655,medium
S1035,0.8646040464133429,0.8956304079352246,3.0888663276344195,4.534696706771479,0.3495063720868188,Computer Science,4,68.61003423635859,medium
S1036,0.6080866860584945,0.7658778628929985,2.0196248913041983,6.253331136505729,0.11409578488793337,Physics,3,44.24627102819302,high
S1037,0.6222577634962057,0.7367935758769959,3.1743003145862843,20.7524177649845,0.15124682873493456,Computer Science,3,56.907325658469,medium
S1038,0.6791867359590169,0.5877374947141052,1.196069022396827,6.261712083173181,0.2253169299512351,Business,2,44.6620896522745,high
S1039,0.6499936988207478,0.5855853609855419,1.9458710134918311,16.229738126344746,0.250966661340298,Computer Science,1,44.19942261850292,high
S1040,0.5890989229801235,0.8508196342546945,2.6184738771260117,21.56234158995055,0.8506160578411378,Business,1,61.906731466341654,medium
S1041,0.7762246306277113,0.8426988617199003,3.3721694945168905,4.099430769747571,0.5612227882825249,Business,4,70.4661584943704,low
S1042,0.5087552955500422,0.610500024200452,1.9562575087962097,17.4520543692382,0.5233909113743664,Business,3,59.58441110593385,medium
S1043,0.8840877004259007,0.8089755771885083,2.8776741293110275,8.44032072733955,0.11476887186921747,Physics,4,60.32263043516076,medium
S1047,0.6125139832624548,0.6284978014092333,1.073202344669614,16.95656972253159,0.7078350972297687,Engineering,4,48.67025453624681,high
S1049,0.4944846768752716,0.6517372372716695,1.0638082325511613,19.361389892226647,0.08172534574677826,Computer Science,4,44.92635508130587,high
S1050,0.9611624960715404,0.8472497420721383,3.624105018052598,28.590696923993054,0.45830064152865646,Mathematics,2,89.82507282523252,low
S1051,0.8153073433325128,0.8232047002846132,2.586811402081636,18.446742784243604,0.484696287130047,Physics,3,59.68934440601895,medium
S1052,0.9651148617128678,0.8741779508597454,3.8172030955386886,24.756476923376916,0.16577454016327575,Engineering,3,72.92982240055356,low
S1053,0.9179158006987518,0.8342600839005923,3.3963497073209963,26.641987437103825,0.9456981470002823,Engineering,4,88.36427187436551,low
S1054,0.8588001674538807,0.969777097798004,3.9938023316000124,7.614313386519042,0.8499753714806619,Engineering,3,84.32859904718555,low
S1055,0.8265661407347257,0.6620494325264883,2.0521354463551305,7.149300357338573,0.6690223373291083,Physics,1,65.3210372403592,medium
S1056,0.6285897407276754,0.7223201415074918,3.3015648667933806,18.71844867667876,0.4622955610006072,Business,1,67.44831798723845,medium
S1057,0.5840284574087803,0.587487116397974,2.2057927408277265,12.919825624394436,0.4117655415845085,Business,1,53.77652476206518,medium
S1058,0.5488015656870677,0.7851956274528412,2.4396268609117264,25.35597778313489,0.6509734671509542,Mathematics,3,66.04364731673712,medium
S1059,0.6800543449912758,0.7971259312903425,2.8825163896551103,27.100670578542324,0.5454318694069055,Business,2,81.02842671021335,low
S1062,0.8879196463226917,0.7232111783001802,3.3048202415935544,23.635239942071994,0.8064036172328395,Engineering,2,75.77700188012805,low
S1063,0.6438611903304063,0.5888207544104918,2.253300346502001,8.969375030895947,0.45923987759695806,Mathematics,1,56.13072875945985,medium
S1064,0.618132403902924,0.6705481147967043,2.2640710068312107,24.855815236896674,0.05195657755426841,Computer Science,1,51.559536436470296,medium
S1066,0.5280483365390349,0.6257717145544265,1.716331437304907,20.358947079452644,0.2013637821359744,Mathematics,3,51.1876134697496,medium
S1067,0.7306256187184776,0.5981362152251134,1.331422339394184,3.7705241012053774,0.2586208348880388,Physics,3,54.36392798577737,medium
S1068,0.5308827107570944,0.7833847339707326,2.0638664729223297,19.091920415620617,0.1647063534322959,Physics,2,53.78747575574414,medium
S1069,0.8350392009323494,0.6297530095818167,1.861716974962245,14.101262683379645,0.33021506487149754,Mathematics,1,60.057078033665384,medium
S1070,0.7619549963564278,0.6722499135351516,1.8889243613679703,18.01164543208875,0.756751505688635,Mathematics,2,61.75855845319969,medium
S1072,0.43640370866144224,0.5677982246480134,1.1262795689090856,22.36933860338128,0.20488127415071256,Business,3,45.52308198845491,high
S1073,0.7144331352742102,0.6146629884747137,1.0536218042002414,26.021115248753627,0.8778300781520408,Physics,3,57.03742129902486,medium
S1076,0.7814181169510093,0.6105956295708737,2.152979941479045,1.6855189953437555,0.23879621138153928,Engineering,3,49.25951193117887,high
S1077,0.6038362667128723,0.8862752148466796,3.0389418480792094,19.617173512854713,0.4512393441809881,Business,4,66.06004053328692,medium
S1078,0.5995701297601349,0.6435840766986084,1.6547616635951925,18.605727046574643,0.9849896561408751,Business,4,59.74544094276121,medium
S1080,0.9040138272999569,0.8060960858218483,3.359035043246656,7.726465787363287,0.027167421225559818,Computer Science,1,64.3814208313846,medium
S1082,0.634769983250036,0.7035025752937671,2.252742327354785,18.239813720399017,0.46393137681233276,Business,1,50.338866964627385,medium
S1083,0.6450470418015953,0.8026358787376513,3.637354922686494,15.406238906915911,0.9092202058615602,Business,4,82.78444045214447,low
S1084,0.7464085176160491,0.8954358117234373,3.834196066874231,29.64578008623173,0.5387017979527142,Business,1,89.82900939497485,low
S1085,0.6439795027405821,0.6578554018817272,2.402204533749609,4.95675282414526,0.4978125080342902,Engineering,4,42.84918549915827,high
S1086,0.8183797249907316,0.6622306155092916,2.840234167632123,21.15919206738022,0.10547369995663058,Business,3,68.80776436531475,medium
S1087,0.6857277528450415,0.5410413170861783,1.5011018382762256,12.725244275024473,0.656780104724294,Engineering,3,59.66515390469348,medium
S1088,0.958537400782534,0.7880815891909583,3.9735058784109296,13.417788832842827,0.8221031606002255,Computer Science,3,82.57567343775447,low
S1090,0.6789726352588088,0.7761380536763961,3.828195322405377,21.08064838840672,0.7756118509253275,Computer Science,2,82.76938625181565,low
S1091,0.8208061715513311,0.808703933450482,2.9489399469771054,29.74642381736346,0.9644766539008116,Mathematics,4,83.616658745638,low
S1092,0.8280155458636573,0.6859722587194524,2.8232103846365773,4.723434394169631,0.2037664591276891,Mathematics,3,60.128355340855556,medium
S1093,0.7368019341280381,0.6967667013026797,2.538065533049526,4.019179832140823,0.5233296311947413,Physics,2,69.48508429481599,medium
S1094,0.7467392206205921,0.7444301618927704,1.6920094351532762,22.005825696733492,0.28713795808457554,Physics,3,62.30844771135392,medium
S1095,0.6375472659287761,0.6267092032647419,1.5295840960165248,17.773220593185865,0.7928544190338394,Physics,2,55.449335333428294,medium
S1097,0.6165879654079496,0.5572882477316675,1.5593147864327634,3.3031617006806115,0.6345824175503038,Mathematics,1,44.36656957304417,high
S1098,0.6093032009129528,0.740024706584107,3.33875342070026,3.4840892382964856,0.7979141596158941,Physics,3,66.30517039155707,medium
S1099,0.5415401827601708,0.574846045653974,2.0503757775001903,26.931535365259432,0.3959704726624549,Physics,4,53.53652157667209,medium
S1100,0.4490148172171211,0.5178972181063384,1.173528029690189,6.564152416843545,0.9150900684070432,Business,2,44.684611154316634,high
S1101,0.8657917357240057,0.8175924704099135,3.907307890422434,10.377775301350102,0.53302886724614,Physics,2,68.3833133927893,medium
S1104,0.9665025259695804,0.7874249558580748,3.9847234679393058,3.0132914396367076,0.7932613504382544,Mathematics,4,63.75343012619261,medium
S1105,0.551378711276491,0.6227554790937004,1.521685747658462,16.05273393633984,0.31676167706752667,Physics,4,51.03744342913102,medium
S1106,0.6577884773155686,0.6283926980881878,2.188726056707976,2.9607643441742324,0.857179256998753,Mathematics,4,57.20772954021831,medium
S1107,0.8600465555234875,0.7748963093627654,3.274715427112274,24.210338726848484,0.9061432547657664,Mathematics,3,79.11950719884778,low
S1108,0.6616839969841711,0.7896263304213034,3.088061854161377,7.777650375402557,0.2769044873778089,Mathematics,1,69.90860457566153,medium
S1109,0.48656954736654484,0.6718635307730041,1.4616877190195652,16.660345523530808,0.9835214727152221,Engineering,3,64.14464303910405,medium
S1110,0.7099754616427079,0.714184851059049,3.447499374971853,26.522293539282288,0.14071152804875842,Computer Science,1,62.7313119520187,medium
S1111,0.5319265792021501,0.7191906672891684,1.673321715509982,19.87544370236863,0.20201566840248997,Physics,1,56.80368101491023,medium
S1112,0.8007531416549908,0.6778413779246049,1.6714528444678693,16.455775809988722,0.18422483923802613,Computer Science,2,62.53587808549928,medium
S1113,0.8286613779985639,0.6407144945357534,2.610923268680241,10.405678840345892,0.8939897100078704,Computer Science,1,69.06180284013793,medium
S1114,0.7801028001180315,0.8475408502381374,2.7788198045251096,10.65705547868774,0.6542925523249619,Computer Science,1,71.5353164904847,low
S1115,0.8605306033292086,0.8550352384789786,2.7402586235134336,20.415121700747513,0.15210428322227287,Mathematics,3,70.77129759608766,low
S1117,0.6877282147019481,0.7896888943444429,3.632382587891141,20.19333650563198,0.615298025069802,Mathematics,3,73.4891313102265,low
S1118,0.797155659053951,0.7331683199269465,1.7968001277661183,17.17571910373072,0.08346408498938329,Mathematics,4,55.887356730139004,medium
S1119,0.6429106419591086,0.6784368020769193,1.3885447638484125,22.188864796938137,0.8824163684073387,Computer Science,1,71.45786602752129,low
S1121,0.953653542074917,0.7969392870697365,3.86695449468926,2.744127935422771,0.5052067735766382,Computer Science,3,70.56170396284013,low
S1122,0.7302799301248787,0.8075515898495669,3.586382851796352,17.306607660459385,0.9671266152591704,Business,4,79.0872816125051,low
S1123,0.6456592903977844,0.8191403388633085,3.428548224174634,28.771133250656025,0.4177609792750997,Physics,2,79.531641074992,low
S1124,0.6522067525334595,0.8049537393589776,2.965725941917065,6.083785328372129,0.9841103190364978,Computer Science,4,68.13826614040322,medium
S1126,0.7308771890529399,0.5971043598453786,1.2609602797342303,6.827076971112637,0.6346712732539415,Physics,4,51.05943674089022,medium
S1130,0.7338633766820042,0.8482299347188682,3.170260341065755,22.928736537962138,0.16223340578247936,Engineering,1,70.25920034329299,low
S1131,0.614309774057479,0.8236123615685591,2.487627205236312,11.07957420293048,0.01260751997575904,Engineering,3,51.316376949956734,medium
S1132,0.48518827714600976,0.6071164508800542,1.2431386477229438,20.282440010129324,0.5597556836383826,Computer Science,3,51.09111969669345,medium
S1133,0.5927065304299773,0.6537621970486192,1.660549605849434,24.068048862902145,0.5273996221226763,Engineering,2,56.09296337063071,medium
S1134,0.9087516181927907,0.6906989118194251,3.0497762909787878,27.888156764904128,0.7193536223691586,Mathematics,3,78.49563100169006,low
S1135,0.5552504695925818,0.5902182258847192,1.2283925784709004,7.804620373808152,0.8902580530178021,Physics,1,58.76575257959126,medium
S1136,0.798098273271151,0.8431902181638362,3.553620742146306,12.580161558469936,0.07940658464302952,Physics,2,60.892136488600684,medium
S1137,0.7824646041914565,0.6667368789765274,2.485439581041923,5.420064386582106,0.7314964903403623,Physics,1,58.89612620069113,medium
S1139,0.8984154805007276,0.7282705345429648,2.777223353978553,27.883028069804563,0.858177053157164,Engineering,2,74.01289319230682,low
S1141,0.5913808753168709,0.6416417621106207,2.043427623706579,25.418965536916218,0.5407937549855444,Engineering,1,58.77604723845753,medium
S1143,0.6575971003349222,0.7083189537214369,2.697195891987373,19.08398495208003,0.3143501131837484,Physics,1,60.47689225425311,medium
S1144,0.5847755338202334,0.5688513926874467,1.801084810508264,3.584608531364482,0.47116789893281463,Engineering,1,53.152904282057904,medium
S1146,0.8177683717545225,0.8416899953350501,3.3922780648207844,4.70369102542181,0.4592651971732139,Computer Science,2,66.64390219553228,medium
S1148,0.6343984519837007,0.9045756159940337,3.5517451872827257,23.67881454244119,0.4942124472502999,Mathematics,4,76.82834154815612,low
S1149,0.7176674576987696,0.8398143880309145,3.601882602879407,21.553596234546315,0.8282492524372184,Business,1,87.71204239149051,low
S1150,0.9022747298492115,0.6933697621554922,3.1250889301451044,2.0486510352181013,0.33520804737087273,Computer Science,3,68.55198763692158,medium
S1151,0.6971746606152665,0.8400095685455531,3.511039985091016,9.79072232241453,0.1737615931357438,Physics,1,65.55983063824291,medium
S1152,0.6326442841075168,0.8100833068257961,3.092414385007851,8.630264527414443,0.7120140203307808,Engineering,3,70.28125850607027,low
S1153,0.7493401397432147,0.8429477053323293,3.0404223152809013,11.443955816674054,0.8259782127080818,Computer Science,1,76.24131587784873,low
S1154,0.9091652190371267,0.7491817045596784,2.855834134645553,3.5416396561513177,0.10063747852353333,Mathematics,4,53.29691861211801,medium
S1155,0.6790805889294944,0.7164342645382277,3.258149918672924,28.17177686790082,0.23987411275594472,Business,4,69.14907282761234,medium
S1158,0.704337934140017,0.876573196243154,3.615530583235696,12.512463995154219,0.45035097890541265,Business,3,67.0087294977563,medium
S1159,0.6864563606969266,0.6057609780309066,1.0877418491036774,13.968873674640234,0.7488263369633065,Business,4,58.60513111454903,medium
S1160,0.7395328653288101,0.7932082393849118,3.477450251694288,18.417235667457902,0.6511475848816741,Computer Science,1,75.43596154965621,low
S1161,0.6753027608892779,0.7354246199523486,1.3866096024203356,15.954703403198435,0.6209285674784312,Physics,1,58.903142424010056,medium
S1164,0.4927723961299122,0.5326557622433893,1.4822796881449247,29.772582429876067,0.47128716739816456,Physics,3,57.709738970330605,medium
S1165,0.9013984538830222,0.7420763006399583,3.4539010723571866,25.691323774607778,0.9791049380151545,Computer Science,4,93.09719398714192,low
S1166,0.7245032127805995,0.7686701081996046,3.496402533873226,7.046804916362738,0.6341421382957368,Computer Science,4,71.76751818081215,low
S1168,0.4407081206804549,0.5066918472873634,1.0191576151505006,4.374625538678806,0.676177562075434,Physics,4,50.43388875953427,medium
S1169,0.6963961100802399,0.6145342804389972,1.8611143995247383,24.706041546244556,0.325104015431699,Engineering,4,64.85806074460406,medium
S1170,0.8009560832793409,0.6866877383834638,2.850780755127227,12.038075510820823,0.6863271966860974,Engineering,2,67.29695282989138,medium
S1171,0.6515726301809198,0.9695795553185691,3.9435585340822703,26.461255292907016,0.06964114816240574,Physics,1,68.43624016502366,medium
S1172,0.7463906139834987,0.6688001570637947,2.8954405810500052,26.17364401311606,0.1748814371759594,Business,3,60.627862341027445,medium
S1174,0.79346175984072,0.7486969494074021,2.902017109298834,23.91088265290478,0.2271795570235149,Computer Science,4,65.27562556323743,medium
S1175,0.6075249605878146,0.8577664819728222,2.6199561391475665,9.835695033843184,0.83704112524294,Business,3,62.16525376975971,medium
S1176,0.8422934222448704,0.7208429550656756,3.3395361854534307,3.3466592084863134,0.27927608845441043,Physics,4,57.84813465765412,medium
S1177,0.5844280149412537,0.5875795354190655,1.3209419164808751,12.686425184189682,0.6428819100587077,Computer Science,2,48.45441802393431,high
S1178,0.9240867741208133,0.920981274736697,3.283083707506084,6.032210934608751,0.694150573509831,Engineering,2,80.22372216783128,low
S1179,0.5949173106532224,0.8301016838173882,2.6237997360283307,21.15358157817139,0.5126547531450529,Mathematics,1,66.22737524925704,medium
S1180,0.7610464237358642,0.9449948981855256,3.888976011576984,11.03689206959578,0.3053106766967313,Engineering,2,65.33214628967148,medium
S1181,0.5416369697929105,0.6244583283023913,2.025616498116058,29.29269582493753,0.21264437637109612,Physics,2,57.271702989809825,medium
S1182,0.8909826923526353,0.6907995889138003,2.8978656794018445,19.58819024301463,0.03318935456242622,Computer Science,1,65.43715153085503,medium
S1183,0.9417750974230972,0.9000828044348687,3.7960843165300524,24.851936345396467,0.3039464012407238,Physics,3,79.61534901320425,low
S1185,0.8668708257401642,0.8747916404942784,3.811685461709353,25.998419985906054,0.9383048184484827,Business,4,87.56907680562666,low
S1186,0.8658020575881085,0.8035527621630201,3.06365716690244,27.759958524888436,0.871204482263052,Mathematics,3,89.54189125786615,low
S1187,0.6345836223584755,0.5475461002100197,1.2035111773155158,15.124795645749142,0.7660647765353026,Business,1,57.60808232006896,medium
S1188,0.6780945049876358,0.7349673740501097,1.9028907008404488,18.581335194778347,0.7884473432532987,Business,3,70.59140576655658,low
S1189,0.6689870217603464,0.71734212624739,3.1245162659358447,23.17948422618687,0.6649849034759953,Physics,2,66.35257149107403,medium
S1190,0.4727398540625384,0.55788819717765,1.202051804406315,6.070320190551964,0.260286857566003,Mathematics,1,39.20697422299283,high
S1191,0.8700138688233259,0.7367558833208221,2.74651138052882,15.57441621743983,0.9071950307058299,Computer Science,1,75.03279425268131,low
S1192,0.8179700078215809,0.6855914079701563,2.03764917085887,12.56122780539708,0.670732311905834,Computer Science,1,57.00884720583616,medium
S1193,0.786291501543326,0.7044529911098625,2.8627465533024314,5.244845772705224,0.56044063098044,Engineering,4,68.13668108291563,medium
S1196,0.8981195056694982,0.8213180235308806,3.920466907532191,1.7485453015351227,0.4603582712019263,Business,1,65.30134030847825,medium
S1197,0.9569861084226825,0.8901605297271343,3.9066335658570743,4.91982238548986,0.86456360952267,Business,1,84.64613074896764,low
S1200,0.8203202952380306,0.8153004225910874,3.2747895877870676,29.00884267344338,0.9768003285106593,Computer Science,2,91.64346208026218,low
S1201,0.45998104395149736,0.47981372377502285,1.0737607493764045,13.542438471573828,0.11072059332631567,Physics,4,39.981593213855476,high
S1202,0.48654784902713916,0.5474220922252402,1.0663706545869918,10.042667859472527,0.4225484283119446,Mathematics,1,46.10380457789202,high
S1203,0.8123062652931244,0.5893425882102161,1.9708306574486238,15.67811402236708,0.04202467517140529,Engineering,4,57.162534111471466,medium
S1204,0.7471948887219062,0.6218029500348639,2.465929571213997,13.745838970354393,0.7399041207669304,Physics,4,59.778953488041566,medium
S1205,0.6015606370725738,0.9287126811159248,3.3112222534233795,4.064275843590574,0.9180765521991506,Physics,2,77.78990532493364,low
S1206,0.614256499739575,0.742353535775885,3.0498861298195155,19.58396312601598,0.28003732955048943,Physics,3,60.856841772581916,medium
S1207,0.7575537281225878,0.7881406789181369,2.337708119130245,7.265107292778389,0.8583416767991209,Business,3,66.50664148209547,medium
S1208,0.48833755425955133,0.603201757027803,1.8208799988449975,18.968050692037057,0.29221823046189777,Physics,4,48.59699498760104,high
S1209,0.7056358305316095,0.9226980033810563,3.9913735004731334,19.855831679546448,0.9107701616439152,Computer Science,4,86.7123922190008,low
S1210,0.712947619281399,0.7703090770443167,2.278543906707919,5.408720740730795,0.7539619035967839,Physics,3,59.79773965031254,medium
S1211,0.7687253996666196,0.7383694050447852,2.3541610729890263,2.7791391862093766,0.8049067768414386,Business,3,63.24592534964336,medium
S1212,0.6900018005940358,0.6222654316095387,1.4908714635750075,23.642085995984754,0.0180065556004545,Physics,2,46.17546036923356,high
S1214,0.8303412282724724,0.7518330517047656,3.081046677344466,2.686750069658798,0.7266709920703233,Engineering,4,70.55673503178855,low
S1215,0.5577103435013511,0.7493178784561063,1.6623088383662812,29.851123197923247,0.3047510953861333,Business,3,59.02277896101262,medium
S1216,0.5574256296193083,0.6840629715538078,1.247143136847528,2.6756362688946327,0.8293946648588469,Computer Science,4,48.70592367076651,high
S1217,0.8393843347581189,0.895756249182377,3.0414979062241394,21.156021636898043,0.28152119841492995,Computer Science,4,76.60997415589455,low
S1219,0.7837115872475593,0.7173860521483374,1.8197785809946279,7.936223022261843,0.11258039041193701,Business,2,52.90997783600638,medium
S1220,0.8691088138114624,0.9704607783121723,3.852590686751231,5.125231691928689,0.7036859774607958,Physics,4,84.17709268188032,low
S1221,0.6578960368181176,0.5488133034140286,1.4531736753427007,4.520163243250438,0.5406984766449103,Business,2,43.74787505813007,high
S1222,0.5550614989744178,0.605659544480807,2.2970044031278056,9.794979279460271,0.09653447019544081,Mathematics,3,48.691558940282405,high
S1225,0.6540647134070985,0.8535966907212109,2.9155778429922568,2.806462145771818,0.46876796546450583,Mathematics,4,58.18522695250282,medium
S1226,0.8550124337049847,0.6128236897791478,2.192783193888383,15.773241716343902,0.3012652607600004,Computer Science,3,66.13940411058911,medium
S1229,0.7379986705199266,0.622077628182282,2.228002018945129,18.841363708699316,0.2999191115069847,Engineering,3,62.26405404739046,medium
S1230,0.9043562770673821,0.7676535526071786,3.682297611037403,9.881355002811738,0.7431931987316034,Computer Science,3,70.29379253059179,low
S1231,0.6526627689123115,0.7244843146228576,1.6898638176732586,19.092979252457514,0.04814283597835345,Engineering,2,56.60603406692501,medium
S1233,0.6043863614856174,0.5948759268099421,1.093402248653534,13.356418132820773,0.8522638743911815,Physics,3,58.05948502492813,medium
S1234,0.6399600814388897,0.7416193638024062,2.955000476127655,4.790600925465785,0.6678046832264065,Physics,3,67.08391573223712,medium
S1235,0.760776667679373,0.7810860329122744,2.1055790311712834,26.711522241973537,0.5932215701073843,Business,3,81.42879287789337,low
S1236,0.7177509330682179,0.8134943007333235,3.593074749518911,14.043754815818353,0.8923024981396522,Engineering,2,81.48672178568178,low
S1237,0.5399828172566092,0.7979468374806457,2.4196297200746715,6.6440528428021866,0.18533017952871444,Computer Science,4,53.30123604626372,medium
S1238,0.8687588248483211,0.855850406431269,3.904580283744165,11.6650211754414,0.07896916219082861,Physics,4,77.82492113891195,low
S1239,0.5287319788256694,0.6061243177729141,1.5565765471093633,13.009762823338884,0.2395101699095381,Mathematics,4,55.02570183505684,medium
S1240,0.9496007173135323,0.8316300989473888,3.6058695038668325,24.998598971439353,0.7945782787001903,Physics,4,95.82195050837683,low
S1241,0.9336092938290474,0.7653097456369167,3.329790558375225,22.27481703628066,0.03467026672648332,Mathematics,1,68.3186737215828,medium
S1242,0.9186599516220686,0.8707028046355157,3.312765533932156,23.309841915598856,0.5828068350834896,Computer Science,1,74.92482826766012,low
S1243,0.7446317714157051,0.8340878620572614,3.534349684350663,1.3199066684307692,0.9954375161913099,Physics,4,69.96529441848807,medium
S1245,0.8908110692727723,0.863763994075321,2.8786609648942463,14.958980397424385,0.5214456890435895,Computer Science,1,74.35465166920014,low
S1246,0.6043945493895972,0.591507356434287,1.3937346330471627,1.556576027868644,0.06364090928664234,Physics,3,37.566717538182644,high
S1247,0.770647577050816,0.6002105405147329,1.0975785384737557,8.534583053605992,0.8313735143857098,Mathematics,1,59.29964686812083,medium
S1248,0.969457757739768,0.9538076609761974,3.7625435434470607,23.048404870541916,0.5989785081772105,Physics,3,80.04920783469721,low
S1249,0.862299630180742,0.7948122133755795,2.849950943562214,4.9761814661409725,0.11493299705956683,Engineering,4,60.595482989140805,medium
S1250,0.7072780026939947,0.7270167170628603,3.389611872928529,16.523993812125156,0.0938572848233562,Business,1,68.06757176121633,medium
S1251,0.6681267341009975,0.830016415120999,2.44456705453765,7.240854288499888,0.9096268194365924,Mathematics,2,69.68782166182812,medium
S1252,0.7492921775474387,0.6458423894258586,1.3519245668871833,1.351502464672905,0.6692002629380784,Engineering,1,55.810791294344625,medium
S1253,0.564089505050271,0.5779330851784658,1.3755573766076514,7.994842270386703,0.8292867993167555,Computer Science,1,59.85193871346393,medium
S1254,0.6385746509666509,0.6990948836079043,3.056695861686914,29.30033889239156,0.8789789002822673,Mathematics,1,76.2293541988599,low
S1255,0.7166992682128016,0.7796578138947098,2.290917684698388,24.244576244606698,0.5717723520483222,Business,4,66.29693057245622,medium
S1256,0.7977722344638492,0.6689748794329442,1.6015741801010102,28.82772268530997,0.5174463517550413,Business,2,72.7996805802307,low
S1257,0.7792192018530637,0.7355090260967483,2.4747836402243104,15.147767273864511,0.4304274103209902,Computer Science,1,70.1280218467836,low
S1258,0.6389684203731829,0.6937969010547701,1.1926268112254022,4.182349761647602,0.3169465877911193,Computer Science,2,48.919099163295414,high
S1261,0.9509696451798594,0.774081026462088,3.3926773019115646,25.48635539944886,0.6019234310151316,Computer Science,1,75.47781770490249,low
S1262,0.5438608460905875,0.612745981232544,1.9310858767707213,3.844394842743093,0.8925232899548461,Physics,2,59.44537948866214,medium
S1263,0.7088399118707132,0.7751131549419827,2.3656604472454035,15.158992973631568,0.4433800143791877,Engineering,2,68.54558215669373,medium
S1264,0.734695196654107,0.47153394630901724,1.034861619724302,5.3514112761255435,0.607089578718754,Business,4,40.553672239209774,high
S1265,0.7005695659677472,0.6185075907074836,1.2173406633836765,10.415601879811739,0.6313075530919887,Physics,1,58.079206889615534,medium
S1267,0.7788556672068411,0.814405403237957,2.4398165041513704,14.804525751694229,0.7026337730855163,Physics,2,64.8625082020527,medium
S1269,0.5933812257021658,0.7446005267340741,1.8749877361279097,12.439812078531023,0.5123637775457907,Computer Science,3,58.59731154100652,medium
S1270,0.8646473287959517,0.6950461827072125,3.0849456583796275,14.323956283773612,0.10422480280834767,Engineering,2,61.15389569395467,medium
S1271,0.9020672275052842,0.9211852691730458,3.5803671915676136,23.76547977127465,0.38451132764481255,Computer Science,2,90.23330242785418,low
S1272,0.90394178400404,0.7245525756276807,3.339552966680049,26.870455979266797,0.4876670686212644,Computer Science,3,82.92334981639016,low
S1273,0.7535484290981453,0.5672345973389952,1.1188564760450714,28.70470590861392,0.6522242595454725,Business,3,65.11804057230405,medium
S1274,0.7120839027343396,0.7955029719644415,2.441520841773487,23.820198201403556,0.9505310525862035,Engineering,4,78.68073598584377,low
S1275,0.6241399932846092,0.5274592360891581,1.3147905352545246,10.14679997669237,0.6006510665483559,Physics,1,56.10143529902417,medium
S1277,0.8744864592573257,0.9293393943944798,3.9599877798014393,13.690490597606367,0.5062660594952028,Business,4,81.83365362401366,low
S1280,0.8755869098577249,0.8119943469675397,2.8544672029543574,2.114364119907425,0.254391580841847,Mathematics,3,55.81900942144365,medium
S1281,0.7013529232704608,0.8009933575666544,3.107394911632312,27.151097771927283,0.3618530932051387,Mathematics,3,70.53626317762934,low
S1282,0.6823749872085361,0.6883263791837428,2.678946050460742,14.38284647411729,0.47249335500651357,Physics,2,53.66744659221704,medium
S1284,0.700851843703559,0.6015218445055397,1.9793839247319758,20.1212637439677,0.14002409755331768,Physics,3,55.372807350595004,medium
S1285,0.5540649155904197,0.8333416277354841,2.553134930154134,26.958414480489555,0.2768143077913058,Physics,4,68.90864228285643,medium
S1286,0.6077292686539485,0.6263739804873188,1.2635994974345,19.463420782849013,0.9715326909010507,Mathematics,2,52.77995131512228,medium
S1287,0.6938166816697174,0.6613924193860278,2.051880793627542,18.80407395804179,0.33134700710305076,Physics,1,64.07640191700266,medium
S1288,0.532760137722957,0.5808423255120018,1.0996093263740998,2.932909176260009,0.48204105811208253,Mathematics,4,37.998001665207646,high
S1289,0.6494718030590334,0.7109215506533418,1.2357354914650622,16.03383263641092,0.19609771273839294,Computer Science,4,50.40186731259672,medium
S1290,0.5249828246240265,0.615881319608338,2.1907698286047883,5.354901023694208,0.6107800710757683,Business,1,55.972460670222006,medium
S1292,0.8406068870897309,0.7516755374107393,2.7026225447846746,15.85443570356756,0.20699257843842678,Mathematics,2,66.01199264812963,medium
S1294,0.6496031867277032,0.7045224538497266,3.401760097327249,2.208514117469144,0.005505799160420821,Physics,2,54.19273874690651,medium
S1296,0.7321813245928044,0.7339531624737878,1.5024477467772093,21.773378253817786,0.21906880910185778,Computer Science,1,57.50597653281146,medium
S1297,0.5240651236991352,0.6270023161617302,1.3137035210032009,3.090445743961528,0.03672136250082114,Engineering,4,38.50064030428983,high
S1298,0.7862084726839683,0.8181252725935451,2.90929074863091,3.0664451051924995,0.10802575413069138,Mathematics,2,53.33062577191733,medium
S1300,0.4501954849947821,0.6392131156829084,1.0947584344769261,28.738540550684924,0.8025856795798129,Mathematics,1,60.56033231240398,medium
S1303,0.7698921409671131,0.7680005117222066,2.6238890059032114,9.599531857342,0.29348882320812164,Computer Science,2,60.16829140748502,medium
S1304,0.8386705836793876,0.7745095169478475,3.127181558352749,11.141393662629637,0.9317537194328164,Mathematics,2,74.6003079444896,low
S1305,0.9625162806547563,0.8980373536737591,3.612907371238257,23.464952404254273,0.39701504123719167,Engineering,2,79.84293571506936,low
S1306,0.7663746816352146,0.898474163184292,3.1422607963972835,20.179747721042016,0.08709276679577149,Business,1,70.44412550956135,low
S1308,0.7796914614911776,0.6700365068998335,2.0183505776284183,6.049170724688446,0.11383839347660141,Engineering,2,47.73569235986108,high
S1309,0.7031269385346912,0.731624665125735,3.444475341239537,3.853473841688522,0.3452231428016921,Business,1,59.30778097501099,medium
S1311,0.6537934810834116,0.9297805375651824,3.6844499681815828,23.16680720443034,0.8742225246851758,Physics,2,79.18399951053813,low
S1313,0.9458189433788348,0.9261913828169175,3.451893309887481,1.6074038698964714,0.7022587660316643,Engineering,4,74.24275686134665,low
S1314,0.8193646561958895,0.8044706122504008,2.3569548535549005,3.382978356816393,0.9928168389990704,Engineering,1,60.45333141192596,medium
S1315,0.8133959535520123,0.7775944422692148,2.930733085589575,29.067941010505884,0.13148911989798162,Computer Science,1,68.62065419550366,medium
S1316,0.6865741292556199,0.759826902859617,2.57920798280834,9.567898546845187,0.2747315255195195,Computer Science,3,54.897514643749965,medium
S1317,0.6502606544197457,0.7752375054554308,3.1947685652659956,23.307471287305876,0.3945760755976464,Physics,1,74.44314888715505,low
S1318,0.49811971089176277,0.49763178792646434,1.2448899460917686,19.11524349677365,0.42182817853883137,Physics,4,41.92860759583561,high
S1319,0.5261642332554851,0.5585529631921853,1.1810562519716914,12.076249549933982,0.41102107526554577,Computer Science,3,41.42072015092801,high
S1320,0.672827560299425,0.7268157978665667,1.7413097020304393,6.964930603671098,0.9076110025565549,Computer Science,3,58.886642108528,medium
S1321,0.7110061259704891,0.5089750895550612,1.478634040339565,4.520206126622787,0.7140326444668564,Mathematics,3,47.962575062636944,high
S1322,0.8522203843344514,0.8015748711835351,3.615350699776605,18.835376073127133,0.6079052140907037,Mathematics,2,84.8041751218662,low
S1323,0.5723000110866399,0.6213246826692397,1.657641962074133,23.464379638495853,0.3093727178627821,Computer Science,2,48.808770876209216,high
S1324,0.9787725307914223,0.8817345214508409,3.927595767457394,19.67322335269279,0.8237903842212947,Mathematics,1,86.44710008808015,low
S1325,0.7590654739920181,0.7818340854703947,2.0106873753133208,16.37876186422559,0.9550605114849889,Business,3,72.7515407133366,low
S1326,0.6600004494089474,0.5977584133544405,1.5463537470660977,2.2165854795174518,0.8211982825502265,Physics,4,57.00792399763734,medium
S1327,0.816784425289081,0.7801783205978383,3.3690955214274374,29.08617455023713,0.0015651051914729042,Physics,2,69.43490232764981,medium
S1328,0.7200692713374236,0.8346126321966023,2.9761233265026283,24.162711557982664,0.636401370183407,Computer Science,4,65.78454255008725,medium
S1329,0.6237998825273614,0.7179910207494954,2.494587149359417,9.491839064327978,0.051135381442100725,Engineering,4,50.78013747458648,medium
S1330,0.6745472364889085,0.680514222786885,2.6660906528128936,29.41913955140667,0.25760722033372185,Computer Science,2,72.54081020757204,low
S1332,0.4814400378199567,0.5623421072905416,1.6853642239938962,17.89025708801015,0.6037954529493877,Engineering,2,53.705524397777495,medium
S1333,0.6898005552901876,0.8012330515785162,3.989001748170226,22.69412220345643,0.6865899134926068,Mathematics,2,73.55166875880106,low
S1334,0.6604293861906396,0.8720462141015101,3.9243794864403494,24.54132385461399,0.11448763806590512,Business,3,66.09340598635774,medium
S1335,0.5855783602397002,0.7556398137851725,2.9509770590408104,20.037879612613576,0.3838388830449795,Mathematics,3,64.15207094097785,medium
S1337,0.8243316053300488,0.7510430085173794,3.0406847272938737,10.809757673840453,0.3690530217609166,Business,3,69.43527425780161,medium
S1338,0.6072054822008783,0.6210007267604831,1.2165952269375275,27.914425569455442,0.12102500048519305,Mathematics,1,48.327487906395476,high
S1339,0.46613876922415687,0.6209391797624291,1.091957506617418,7.5138527434717055,0.4189477901874754,Mathematics,3,42.55459307864225,high
S1340,0.6550442062059143,0.5404475361345642,1.773048665533641,11.792843691287887,0.7511780478084181,Business,2,46.487794855179175,high
S1341,0.6948052850395441,0.7580358563058054,2.387868870217949,13.530229605381685,0.07100766453325547,Engineering,4,54.12159331319562,medium
S1342,0.6809819681853909,0.7632103836712545,3.6048175162251415,13.742744701139113,0.08018001408190345,Business,3,56.27366620368895,medium
S1343,0.7404611179307098,0.9088075971225615,3.181507209298924,18.77524789234124,0.3547712918359842,Physics,1,60.238665159827725,medium
S1344,0.7315856243090765,0.7184910110207414,3.228119563599943,28.34919929459652,0.941725711618925,Business,2,83.40220946950889,low
S1345,0.7362835345690927,0.6871577900289083,2.276480003344226,7.980088643142643,0.668572646722914,Engineering,4,69.19286484954407,medium
S1346,0.7251181511267418,0.5842644181029634,2.0378049776408886,4.523539912726624,0.6786699566725648,Physics,4,61.01277637211859,medium
S1347,0.5243401250917512,0.8105614493384081,2.113116288953808,6.726644205938182,0.36191999083786497,Computer Science,3,56.13869622057912,medium
S1348,0.7783355669598779,0.8768216716003155,3.9629486912081733,26.720822106068816,0.5936607912085384,Computer Science,4,81.38839150148047,low
S1350,0.7961797771305814,0.7362078034099571,3.6010944883673455,9.291296887935644,0.6360960464095422,Business,3,76.62151708832978,low
S1352,0.7542312403842886,0.6419619680998178,2.3158462575687713,25.979729894539645,0.6125734683448192,Engineering,2,62.7407276108285,medium
S1353,0.6452100230719061,0.8931103275903123,3.1757729812454096,25.548915822018063,0.873698593466345,Physics,1,77.71988899282987,low
S1354,0.5591995734107085,0.6552341961430925,2.4600068242741084,27.64886947554708,0.7239730554660938,Physics,2,75.85839137172019,low
S1355,0.8463669759405841,0.7677920243837781,3.620269714244982,8.314989585027487,0.12055841640369025,Computer Science,2,64.04747377715223,medium
S1356,0.6369368780921008,0.7389824794869202,3.7021055920337753,22.896215933642072,0.9024533072858417,Physics,3,61.269640876197585,medium
S1357,0.7249086619922396,0.6998123448884365,2.2651627806203662,14.35564542095006,0.06644384435577488,Engineering,2,47.77370213257941,high
S1358,0.8163668388766216,0.6786102111535434,1.8304833917051546,25.417958033811786,0.5339674725477638,Physics,3,65.12309079868984,medium
S1360,0.7661412269360381,0.9198356316918099,3.737090036850073,23.516975948492014,0.011706610730904066,Mathematics,2,71.40334702312158,low
S1361,0.6975498689810985,0.6319879770412266,1.6319865670169997,20.028693292751072,0.422034260127639,Computer Science,1,63.01539780879955,medium
S1362,0.7255559929738145,0.772743639707664,2.8688997506904483,6.145434314621499,0.29504070765415624,Physics,1,56.66950557487485,medium
S1363,0.7580669257813943,0.7552511252929309,2.8946806602775617,16.80578064801121,0.486000493797603,Engineering,4,58.17778969803753,medium
S1364,0.919463113115222,0.7761170413346625,3.199339067245843,29.555422446210738,0.5771998867345508,Business,4,79.36410292860953,low
S1365,0.5897386523839044,0.6337839850521502,1.3947030553817794,28.18425392841645,0.04373907230894736,Computer Science,2,54.03451926938412,medium
S1367,0.9464050418343914,0.7763725075185574,3.727097561996923,5.779629656153677,0.5586423964504253,Engineering,3,66.69883857235837,medium
S1368,0.5339555966720582,0.7207334817043168,1.539049326610726,4.8201344301822955,0.34316735317265823,Mathematics,4,44.864070096125204,high
S1369,0.5027237034141804,0.7583307083892352,1.712629974771633,22.053417389573568,0.729173487549448,Mathematics,3,75.47719236729242,low
S1371,0.4720974533376776,0.5792718073672999,1.5429308581284693,7.191829623009485,0.8456043629899068,Physics,2,53.58248303693887,medium
S1372,0.6502916822727303,0.8708754183882375,3.563155280108737,15.669728095603041,0.6924928266692253,Engineering,1,63.5838318720588,medium
S1373,0.7748148883965327,0.7057795579979536,2.4768335693441044,25.3803878123248,0.42993107739014813,Business,4,72.8571481964456,low
S1374,0.5055430187017949,0.5402620476794359,1.741693223209531,22.25124479822127,0.6729666223944324,Engineering,1,51.61208755966331,medium
S1375,0.7325601983891314,0.7587015937496391,3.6122497038175343,16.7248789592636,0.2753811742554185,Business,3,69.84639170703471,medium
S1376,0.8209000412149088,0.765424911424175,2.3359157650079965,18.120083023304414,0.3063134987782127,Mathematics,2,58.534818625501465,medium
S1377,0.5489790821417193,0.7725869522373434,2.5444520617890705,15.742455860572118,0.7889851599207933,Computer Science,1,66.92168049840342,medium
S1378,0.7908914770210748,0.5742730490207657,2.077700108199297,9.628905088245796,0.4464195164015822,Engineering,2,51.48510750348194,medium
S1379,0.6570631127435486,0.6911585742943861,2.778852554304782,17.385637792911467,0.7983803405183525,Engineering,1,64.69308803687017,medium
S1380,0.5031505609992097,0.5645151129566439,1.4905716177550683,20.977673759452628,0.8224223736682784,Business,3,59.179602454397326,medium
S1381,0.7568513536240988,0.738578719459223,2.1732446099552822,26.326364559963423,0.8575623376612838,Mathematics,3,72.12666483977534,low
S1382,0.863247768898399,0.7555542257616337,3.9082369670058625,19.452449265398194,0.9166352358412073,Mathematics,2,85.38889511292889,low
S1383,0.7901952270922221,0.562426089486636,1.7744002981033826,23.07252457425158,0.43098522051329624,Business,3,59.73436840659684,medium
S1384,0.8300406148531507,0.8490008598519531,2.9702099936238766,5.642077413682617,0.31886681832113883,Mathematics,4,64.76859622364174,medium
S1385,0.7793860900852534,0.6004077381604485,1.9755701926740845,14.385166758173908,0.5821987465941139,Physics,1,62.523693604278634,medium
S1388,0.905924898216973,0.7748122477858062,3.909463135235634,22.06738973827714,0.7055858626438246,Computer Science,2,80.52166580539465,low
S1389,0.8094948055548612,0.6544981882549608,2.3613686241509177,29.76248858913154,0.6884050184921369,Engineering,4,79.58968343711514,low
S1390,0.8247881539531899,0.7041592026492974,1.7081513900393919,3.8761648880292614,0.37455288702012135,Physics,2,54.90168203495834,medium
S1391,0.5859529550682521,0.6874161765445124,1.220490241990038,12.64333515997736,0.16686020169875282,Mathematics,2,42.5367578386869,high
S1392,0.5934018586721708,0.7101801390223402,1.5092737152626223,24.202058092275625,0.43052933846220753,Business,1,60.702690683685404,medium
S1393,0.8136936746848028,0.7112562316752344,2.559321845668053,6.917033404238066,0.14259414408190874,Physics,1,58.85936367538455,medium
S1394,0.6201069537855957,0.721441385706341,2.011009529293859,17.0974635297663,0.8900970351838083,Computer Science,4,68.09393880539703,medium
S1395,0.9372638212848348,0.7578612406645799,3.4866500976478285,22.25906758486057,0.3458774607378574,Business,1,71.23988673861622,low
S1396,0.8223941559689605,0.6596217123611849,2.292662570985418,18.86357805754519,0.15445974722332378,Mathematics,1,56.85043982887371,medium
S1397,0.6311086209134732,0.7497348782213578,1.7461428177628897,6.452717303847068,0.025447759905750877,Physics,1,43.475730535759965,high
S1398,0.8266624957129308,0.6482639576237856,2.85143495981209,11.306152491886444,0.6458223862864843,Business,4,64.66750861238789,medium
S1399,0.848114879728864,0.6925552124707062,3.1203316506563374,23.72996175007652,0.6369023174547432,Physics,3,78.23152212084902,low
S1402,0.610089401416797,0.5145459325016142,1.110014280800629,23.068732040814723,0.409628894895232,Engineering,4,58.11484990765688,medium
S1403,0.8799505665274787,0.8208505791524183,3.2092060451969218,2.024029293266933,0.3112174950633936,Business,3,67.69079060302457,medium
S1404,0.6863733790756201,0.760283250428741,2.991413582865415,22.626279699205732,0.6771206397350094,Mathematics,1,71.88442497258367,low
S1405,0.8452250770173783,0.8166304733834182,2.4238926272494417,6.871936244791885,0.6057792494526903,Physics,2,60.26908288019091,medium
S1406,0.7511589385750264,0.909437589507985,3.5325113469075915,28.784130923462026,0.36459372819754,Mathematics,4,75.46570627895301,low
S1407,0.6100689624318664,0.7837372102925062,3.4170104588501595,11.67028178776045,0.2178925542549901,Engineering,1,59.72521048167405,medium
S1408,0.8735884237360114,0.6978679333425359,2.7560630931902566,10.481016873804293,0.9880359661555919,Business,1,77.27342145883156,low
S1409,0.65231137499063,0.8116075621141217,3.6048138415397757,5.317753459640896,0.45400162119611487,Engineering,2,63.95428401254937,medium
S1410,0.583074045414918,0.6634231492145842,1.6175236301103046,9.862522249216232,0.688274235780237,Computer Science,2,51.22444290315854,medium
S1411,0.7827036028322705,0.5579111596168086,1.3357588581931836,26.422872093017816,0.14055296757836078,Business,4,51.84942948374108,medium
S1412,0.8184061640194672,0.6907206213388891,1.809248834550969,29.893695791190172,0.4855896996593978,Engineering,4,68.65721615259368,medium
S1413,0.6385478034632459,0.5753848533526922,1.1712605682679444,11.680976384698601,0.027536719869465487,Physics,2,46.90809606321495,high
S1415,0.7926922134587782,0.8456520746809645,3.8098170768848845,21.940057207879374,0.9640174071177023,Business,2,84.40913930847486,low
S1416,0.5364760667447372,0.5424748444906131,1.118030622005529,26.699677633487163,0.3842067129858002,Mathematics,1,51.453149498628996,medium
S1419,0.8984529642469665,0.7737896674423201,3.8016250525837147,12.966033384610089,0.3879867599468695,Engineering,3,66.11199495587842,medium
S1421,0.8154941819329822,0.729153930186401,2.5217044260651775,1.0933296445240819,0.023352096328185912,Engineering,2,50.294991435432934,medium
S1422,0.46627602935337986,0.6871643921696995,1.1247185771511763,18.96809078633538,0.7562136139501768,Computer Science,3,52.29002055705162,medium
S1423,0.6314243268623735,0.6964682217159822,1.4450296028862666,11.309297302799365,0.4585230088818907,Computer Science,4,47.40493765408864,high
S1424,0.667137343671566,0.85804027796027,3.9598903688765406,24.031722607035444,0.2892447719726545,Business,3,86.3336685153218,low
S1425,0.8344868155114176,0.7549282429276418,3.8953560893081365,3.6967285548708326,0.9000831830164807,Computer Science,1,75.66922704659176,low
S1426,0.580647171190924,0.5259645605327099,1.014819942803229,18.057865741503324,0.11613896020052561,Engineering,3,43.616812466386854,high
S1427,0.9498541156856337,0.8755357471455797,3.855435356269717,14.948213806697588,0.9559188289553192,Physics,1,91.15847448758022,low
S1428,0.691622240401715,0.8037707541029253,2.917359813446501,19.627440251251596,0.3139667173773528,Physics,4,63.2406811879848,medium
S1429,0.661255072016667,0.7822685328599752,3.6037548835600663,2.880754240006082,0.8884036723086812,Business,3,68.88252652050467,medium
S1430,0.5773635562361108,0.6298674144676355,2.3642195669015775,17.819529835415807,0.6029428764794615,Engineering,3,60.23746160106197,medium
S1431,0.8075378275314465,0.8150620654056069,2.5467880857377505,17.283053050826187,0.8267073597414875,Engineering,4,71.78034601190983,low
S1432,0.7513668027184983,0.8429104974459285,2.4665397407707603,17.259142738068956,0.9840131632104643,Computer Science,1,81.57759042108549,low
S1433,0.6104373945908501,0.7862249210164758,3.000592772638313,18.50114233129719,0.2884054378187457,Engineering,3,62.40290242882497,medium
S1435,0.6770832537320445,0.534345835326452,1.089920769618034,24.344680990742322,0.38948189490242036,Computer Science,3,52.24241317585568,medium
S1436,0.5197512890854856,0.5567927448487493,1.9237898247735727,8.824800883718215,0.3855119047369223,Mathematics,2,47.973522343706165,high
S1437,0.8712041923673701,0.8908359423955137,3.11404228820994,24.9264328952218,0.3403871042545057,Business,3,72.72277165211223,low
S1438,0.7176018062324371,0.5488162955305185,1.6055603563688452,15.449414785640155,0.5414076073475852,Physics,4,51.46110186309978,medium
S1439,0.6049943707227713,0.8003936841208961,3.020297299974752,3.234690094895604,0.1541450431784871,Business,4,51.43441337546034,medium
S1440,0.672923410303953,0.8167468667971105,3.9097361383218114,2.6979769480753966,0.5537114853580112,Physics,1,72.55127667387832,low
S1441,0.7914515135280306,0.6211729353406159,1.281702147368255,10.692911242185763,0.541704812410004,Business,3,52.76035965257184,medium
S1442,0.7073302551152955,0.8181215286719852,3.017806354675379,23.76201233623256,0.76190181260487,Engineering,1,83.6804448180034,low
S1444,0.9048118557750645,0.7699837815357964,3.604426763132516,23.869833975499787,0.44044135031242404,Physics,2,80.05863267215307,low
S1445,0.7963957047100122,0.5157839357122511,1.5314493683421577,16.00080263680667,0.30233324935149375,Computer Science,2,50.765924539844356,medium
S1447,0.8772583050114544,0.9274390609379782,3.5143458689443308,5.276123274482234,0.19462383670487193,Computer Science,1,62.65521190844528,medium
S1448,0.7692290543174758,0.9531178844572106,3.8338426584220695,10.517589854670035,0.05764758219902488,Mathematics,4,72.06569281968407,low
S1449,0.6079560572097044,0.8083535530077677,3.049744084868937,13.586561619042383,0.34244797883471334,Mathematics,3,63.1558081733718,medium
S1450,0.808865742476499,0.7532764757066049,2.491524292025282,3.5694124607088997,0.27024769213078326,Business,1,54.14963944313297,medium
S1451,0.7594571164528048,0.8049629739514654,2.8535417206036415,7.397746628625127,0.9664173858664074,Physics,1,70.74223754188289,low
S1452,0.7689813247441533,0.7627606022132434,3.6067149534361547,18.348533527848424,0.5577088262500439,Physics,3,81.53629680395143,low
S1453,0.8706112277768941,0.8506417910136392,2.711829239916489,22.334230312936505,0.34727703903050755,Mathematics,3,73.65596493567556,low
S1454,0.4707562072389412,0.5696210438831486,1.0911611790905105,29.952077830395538,0.580467600993696,Engineering,4,51.63465002404481,medium
S1455,0.8068822429908706,0.8312378554319727,3.7928460865209335,28.06028660896317,0.1391967013456955,Engineering,4,70.0118603037022,low
S1456,0.5841172946506978,0.7913982745773493,3.0685802530946833,19.634390786520555,0.4440437492022029,Computer Science,3,68.7356634946229,medium
S1457,0.7412467364978246,0.6742258477591871,3.0295401573317395,13.216193545528087,0.6262343214210638,Computer Science,4,67.51535322221741,medium
S1459,0.614835501496173,0.834793709012126,2.976656410697972,23.783896924326726,0.40177880065432425,Mathematics,1,61.73151908972636,medium
S1460,0.5547536776441723,0.5980310019982779,2.1815932169624754,4.4317495367782325,0.9938483888996982,Computer Science,1,50.989881413300715,medium
S1461,0.7987510255749579,0.8001263993843808,2.9536989311244763,12.88724180119236,0.880314762148927,Computer Science,2,80.12316860869544,low
S1462,0.7100991395621961,0.5508616954159142,1.3197790909239722,25.3542662834329,0.6234059581594401,Mathematics,1,61.807847077077376,medium
S1463,0.7771942613196889,0.7507845387509852,2.973535913809108,12.131155606058277,0.5693773611822828,Business,3,70.34039204776359,low
S1464,0.9866284802644896,0.829110614556168,3.998241177312,17.58429586558841,0.620660479824584,Computer Science,4,78.67330322669963,low
S1467,0.820563986028957,0.6533815999664232,2.220723882168612,11.504827807916364,0.03945953289089932,Business,3,59.488454231874975,medium
S1468,0.6991780698076917,0.8571631487724332,3.6122603510117774,10.700827373516033,0.47554603748682667,Engineering,1,64.01183903347716,medium
S1469,0.9381646227173255,0.8089677417452659,3.3471564521748203,1.759704547429879,0.5430245839576632,Engineering,2,63.04245992625455,medium
S1470,0.5568327248634359,0.7893859579830359,2.7010487829600036,1.701561152849302,0.2277497361032096,Business,3,50.88477275037239,medium
S1471,0.9306086614292222,0.9063739002133399,3.2153476277539794,25.11921426659743,0.9640288471655137,Engineering,2,85.02459975373534,low
S1472,0.6377719704755049,0.8993719717208645,3.635546683904044,8.91905348921156,0.909454610937242,Physics,2,70.60679348786374,low
S1473,0.8278316621658073,0.6328277873570916,2.212420964953099,16.024284220925647,0.7221432354559059,Mathematics,1,60.165990473002424,medium
S1474,0.6832778495319336,0.5655939008836799,1.981099484689716,9.663041634074418,0.5333866287653626,Engineering,3,51.61744219095473,medium
S1475,0.9227461903935616,0.7232213863010334,3.002780156690754,28.279698108344874,0.869969159647685,Engineering,4,77.57900293654203,low
S1477,0.7903631548652008,0.7010277356692047,3.286855404329847,13.460047569429117,0.790509794274885,Physics,2,73.79867921667874,low
S1478,0.9437639584598774,0.8184719939858871,3.3934409465759034,26.309177264053453,0.1248208139668483,Mathematics,4,75.7740132141162,low
S1479,0.7060904912924619,0.7339172781839334,2.306749944438799,25.41607343696245,0.7942106625494054,Business,3,74.57953402348684,low
S1480,0.8293022219867217,0.7855687986485771,3.453502648525065,6.396941117542042,0.27576756825135695,Business,2,56.72910566430262,medium
S1481,0.6955590786030028,0.6810816455101797,1.3606271661118252,24.276655984075603,0.8770905810181889,Physics,2,66.56324368984815,medium
S1482,0.7065994197099117,0.6489303101403601,2.6334672938825485,14.287419715398887,0.9440420938253978,Mathematics,2,78.73810869157914,low
S1483,0.6459410266414994,0.4797606657660305,1.0172759814943646,15.006097290475301,0.14879596940511564,Physics,3,41.102547982546454,high
S1484,0.7025418209006459,0.732141050458946,1.973757489700811,4.870919200062369,0.4626756050653935,Mathematics,3,59.23519794136743,medium
S1485,0.8228591490179107,0.688856376350907,2.0993846046141935,3.337443898956615,0.9809873781626851,Physics,4,68.75337802308212,medium
S1486,0.5300450887315927,0.7440683826254333,2.1885180748277664,22.11023990223919,0.4834074359731466,Business,3,65.42765168878765,medium
S1487,0.6798172378624995,0.7729987232718577,3.0864016200695863,15.397373418303692,0.8635475225145451,Business,3,73.2376151108635,low
S1489,0.8375483894518899,0.7911926430285671,2.3460808678675917,22.155738630919505,0.37532990791960186,Engineering,4,72.65181618566818,low
S1490,0.6379272929217232,0.7231230502148532,1.7126323926229823,23.199874070742183,0.2857835555258702,Physics,2,61.65334105136026,medium
S1491,0.7260280623471392,0.7387026904938644,2.1197553748880202,5.608336862411253,0.20322309108608727,Computer Science,3,47.48246962539515,high
S1493,0.5073114887512162,0.623614137179114,1.219587771305331,4.92526838605288,0.3865405068230279,Physics,2,34.86390358308273,high
S1494,0.7230703752398038,0.7276683132800199,2.8103457801441336,22.789877494842326,0.5112754622007512,Mathematics,1,68.03346683223536,medium
S1495,0.699021159483997,0.6824435371648971,3.0046383956650486,20.051699531747047,0.4923254800011819,Engineering,3,69.94017503255208,medium
S1496,0.7686649669999684,0.8660023619138226,2.8584710380288434,28.74182401142028,0.5772790292331312,Business,4,72.66707946963818,low
S1497,0.5564932827928734,0.6318846845607224,2.390482131401717,2.9997824743362145,0.8655771456245522,Computer Science,3,60.76526055530689,medium
S1498,0.851489983223485,0.8019926989707615,2.1393573405376896,2.654586913386375,0.9807393435834294,Engineering,2,65.56086149544981,medium
