student_id,gpa,failed_courses,assignment_completion_rate,attendance_rate,participation_score,resource_access_frequency,financial_aid,outstanding_balance,payment_delays,distance_from_campus,working_hours_per_week,family_responsibilities,risk_score,dropout,risk_factors
S1000,2.4363502971184063,0,0.33816108754677343,0.4517906547310939,7.105409405696276,17.40664556355088,0,2329.1287661156234,1,23.495768601679767,30.435439106860386,6.095058910049832,0.6197250766459801,0,"[""Low GPA"", ""Low assignment completion"", ""Poor attendance""]"
S1001,3.87678576602479,0,0.8641846900598922,0.9045443326415266,7.806381921023073,16.790653345138196,0,2855.8114931118052,3,25.124543841346604,1.709584242478055,5.684319543305033,0.1567099868981427,0,[]
S1002,3.3299848545285125,0,0.5019269623174734,0.6537928168773379,8.577733343470378,3.1577755559103715,1,1520.1513622399982,2,10.03854873783393,34.586094184109825,7.9199303340570975,0.35277520871057244,0,[]
S1003,2.9966462104925915,2,0.30239163407797887,0.5845444766052104,5.232871486916071,5.020791994158839,1,1590.5222345173604,2,15.750518618836578,4.746424578981552,9.866876116170241,0.5325965814754382,0,"[""Low assignment completion"", ""Low GPA"", ""Poor attendance""]"
S1004,1.8900466011060912,3,0.3676340169581383,0.3,5.518451921396024,29.160757694897733,0,4805.797078550826,1,39.57048752534878,6.87506048543697,2.508734717161105,0.8469647561149576,1,"[""Low GPA"", ""Poor attendance"", ""Low assignment completion""]"
S1005,1.8899863008405067,4,0.3,0.4903125616292673,2.122426512202514,6.854602402643123,0,4458.554326013729,2,45.789411972706354,19.061058833289493,5.0965645080376065,0.9939180474251303,1,"[""Low GPA"", ""Failed courses"", ""Low assignment completion""]"
S1006,1.6452090304204987,3,0.3,0.3,4.468382947426257,29.32356353971104,1,4245.895027508521,2,17.989704677264974,29.515216606749696,9.088654063190036,0.8812850200421579,1,"[""Low GPA"", ""Poor attendance"", ""Low assignment completion""]"
S1009,3.2701814444901136,1,0.4230525573033892,0.6763729318637954,2.954881879220895,2.9790660826107884,1,401.11123227857036,3,33.92455843252906,19.31405097640419,9.453716496147779,0.4593845183011706,0,[]
S1010,1.5514612357395061,4,0.3096076024396412,0.3,2.2404060924331186,6.265922121172199,1,1560.9818410880182,0,16.154985083316863,8.491425666743652,0.5723669351680938,0.8755559085176973,1,"[""Low GPA"", ""Failed courses"", ""Poor attendance""]"
S1011,3.9247746304049858,0,0.8495755396174082,0.5793532121821786,6.96737804050443,27.769119900760074,1,78.71456497838491,0,49.387476954959425,4.622335067225269,9.30998619712584,0.08012748107380113,0,[]
S1012,3.5811066020010545,1,0.4135873047975395,0.4895591424013005,1.0169189517241959,12.424506729846804,1,85.74890957599057,2,16.28424010319766,33.456836919425584,0.5050739238280655,0.4111360588730647,0,[]
S1013,2.0308477766956905,3,0.33175207440092763,0.3,2.6053532587659687,11.86302803978743,1,4583.016508212055,4,19.706802339131407,20.09862599051062,5.473047441146843,0.8820300505688476,1,"[""Low GPA"", ""Poor attendance"", ""Low assignment completion""]"
S1014,1.9545624180177517,0,0.42352614630032737,0.4033739495311259,1.2616424230955836,9.39618783210522,0,3530.7925105952704,2,30.166709810601738,0.5752494393661189,8.904409480010857,0.740908783671281,0,"[""Low GPA"", ""Poor attendance"", ""Low assignment completion""]"
S1015,1.9585112746335844,1,0.3,0.4305290540243114,2.5019660606938383,4.411855516997651,0,1544.7799503407632,0,40.08421465956525,32.11925205236415,2.627209435613028,0.8005450422528974,1,"[""Low GPA"", ""Low assignment completion"", ""Poor attendance""]"
S1016,2.260605607398844,1,0.3,0.40701831300736196,2.631873519329547,14.635535915772193,0,663.2228880047658,3,23.475933267281686,39.231752216583395,4.722484989451585,0.7699572915650965,0,"[""Low GPA"", ""Low assignment completion"", ""Poor attendance""]"
S1017,2.8118910790805947,1,0.4610359446969826,0.5289550698341804,4.489062352753548,3.9014334753341604,1,2558.1785894753857,2,21.132801689447916,24.23704781656989,3.2432887913696664,0.5365953972175233,0,"[""Low GPA"", ""Low assignment completion"", ""Poor attendance""]"
S1018,2.5798625466052894,1,0.42615546660228715,0.5556671567413496,4.6209441221790035,25.06440709146983,1,26.730804271822283,4,49.78189167974041,20.14833548336283,9.521439170763514,0.548508927450218,0,"[""Low GPA"", ""Low assignment completion"", ""Poor attendance""]"
S1019,2.2280728504951046,3,0.425768166663419,0.3,8.868362235492139,11.111909588259195,1,4692.06871929072,2,0.5246820569972221,35.13663452179847,8.236455947530908,0.7753792730070755,0,"[""Low GPA"", ""Poor attendance"", ""Failed courses""]"
S1020,3.0296322368059485,2,0.5966992245441458,0.5074945282013679,5.590987412489427,11.24410703345389,0,2074.075596944736,1,44.75326444256229,38.10067158738394,7.090015113263796,0.6092919205117278,0,"[""Low GPA"", ""Poor attendance"", ""Low assignment completion""]"
S1021,1.8487346516301046,0,0.3,0.4771900563107241,7.510642890510576,14.220192854494677,1,2011.6747761866638,2,7.457041296986872,30.18147663609842,5.8762698661510875,0.6355858694696606,0,"[""Low GPA"", ""Low assignment completion"", ""Poor attendance""]"
S1022,2.2303616213380453,0,0.3,0.45450884553626836,1.9372362212825869,13.323831394972549,1,1952.968037908911,0,39.29626381044567,17.818117189371513,8.20591789324148,0.608645276964613,0,"[""Low GPA"", ""Low assignment completion"", ""Poor attendance""]"
S1023,2.4159046082342295,1,0.437946824570578,0.38869492467814926,3.0289487991732447,29.845739191779646,0,346.64165193882377,3,30.8965779923149,23.688855973257617,3.922670415235471,0.6472008443814793,0,"[""Low GPA"", ""Poor attendance"", ""Low assignment completion""]"
S1024,2.64017496054259,0,0.4043834366462713,0.5125506288328328,7.326490968808091,16.361433636549076,1,3191.6111989591327,3,17.092364274904604,28.03741460071997,4.475518551060619,0.5126711987113678,0,"[""Low GPA"", ""Low assignment completion"", ""Poor attendance""]"
S1025,3.462939903482534,1,0.4072802297133011,0.5847964706300899,1.475235644216753,2.646051113696121,1,3665.018098141767,0,43.69374777605092,7.770942840072057,7.3000172108086145,0.45106981744958935,0,[]
S1027,2.785586096034029,1,0.5376946123077369,0.3988168185981644,6.3943206909664045,4.547528786096398,0,692.1774666469715,0,11.334532603746183,33.1928505886914,0.6390094204837382,0.5541156998024971,0,"[""Low GPA"", ""Poor attendance"", ""Low assignment completion""]"
S1029,1.6161260317999944,2,0.3,0.3,1.2063953014123783,29.122264610317444,1,2847.422420861269,0,17.5771130024849,16.448162688474163,1.1536280130570387,0.7641190656515726,0,"[""Low GPA"", ""Poor attendance"", ""Low assignment completion""]"
S1030,3.018862129753596,1,0.520604815659192,0.7415222168458699,3.8989720380626696,23.206166746036917,0,4342.053939706911,0,30.518874765916383,26.534501360587257,8.696813233436627,0.5007939274429062,0,"[""Low GPA"", ""Low assignment completion"", ""No financial aid""]"
S1031,1.9263103092182288,0,0.37283085745240946,0.4352301045149121,6.728415859442387,29.403269772413008,1,1895.638291878235,1,1.2055096704333412,4.728896482898395,4.722264257562044,0.5093754985529461,0,"[""Low GPA"", ""Low assignment completion"", ""Poor attendance""]"
S1032,1.6626289824631988,4,0.3,0.3,2.3409976253431912,14.336353440667274,1,1857.4297182971711,2,5.822946524085626,16.059904422595054,7.128823693447365,0.8994965393115015,1,"[""Low GPA"", ""Failed courses"", ""Poor attendance""]"
S1033,3.8722138431333333,0,0.4245510639002361,0.5759519943911491,7.258740834952479,15.967725934469284,1,3092.635293590928,4,6.354812010921962,31.725141518522257,3.9290933560489325,0.31659844093260353,0,[]
S1034,3.9140800826863984,0,0.6276762498653977,0.8475692103916561,7.713326879323071,5.050108677573907,1,3165.363267497565,4,9.464182295800471,8.82035148546592,2.587109474156345,0.18218956936064754,0,[]
S1035,3.5209933702911527,0,0.6047976448402289,0.5116247047938722,9.837722714015307,7.407222800027568,1,2346.426136628952,3,22.96657204002714,7.438460302296708,3.471921675622119,0.2866358333871997,0,[]
S1037,1.7441802850159598,0,0.3,0.45019863727087184,8.426176008995036,10.685569413527825,1,2470.7383531894134,3,45.27694189644505,8.395905183449228,6.252161250314382,0.67615363881562,0,"[""Low GPA"", ""Low assignment completion"", ""Poor attendance""]"
S1038,3.210582566280392,2,0.37702681394197307,0.5087379597303041,5.682669192267887,24.80444921389257,1,4305.226497516559,1,41.7686265142123,10.436743186006723,9.37639779957902,0.5058512799174855,0,"[""Low assignment completion"", ""Low GPA"", ""Poor attendance""]"
S1039,2.6003812343490034,2,0.33945143770243363,0.5517379568825059,4.3611633652975605,21.270411728610952,1,2305.8345062695503,4,9.844393588784179,38.78463755617352,6.79704778576834,0.6488473794425145,0,"[""Low GPA"", ""Low assignment completion"", ""Poor attendance""]"
S1040,1.8050955871119472,0,0.3,0.46816685839701006,2.1013908159266013,5.315127758155965,0,4699.658959849112,0,22.05752761153162,29.388342810601028,5.701816317546939,0.8061253004668976,0,"[""Low GPA"", ""Low assignment completion"", ""Poor attendance""]"
S1044,2.1469499540000423,3,0.3351491225674371,0.5083137480345302,1.562880042076316,24.920655315602307,0,1812.1566130791455,1,3.405451236176127,28.238249463200287,0.24041237366437818,0.7636221892454806,0,"[""Low GPA"", ""Low assignment completion"", ""Failed courses""]"
S1045,3.156305710884955,2,0.5682237541276661,0.7435252388180724,8.21230224237567,16.344829726355606,0,4318.20710648308,0,10.90871647966366,20.147544373129556,5.341396961356972,0.4580957858284916,0,[]
S1046,2.2792776902235277,3,0.46786218849266903,0.51908399516496,7.89929671574479,4.957261513278096,1,550.3164210055761,0,46.768908065355866,33.1660256113656,6.883384115465648,0.6716972059737858,0,"[""Low GPA"", ""Failed courses"", ""Low assignment completion""]"
S1048,2.8667756983581993,1,0.5888582992952494,0.6535892674014496,3.69499159442698,29.991414124677423,0,3158.217575414458,3,22.26932629889361,24.809654170756485,2.1314211931393667,0.5096280114613628,0,"[""Low GPA"", ""Low assignment completion"", ""Poor attendance""]"
S1049,1.9621361388138177,1,0.3,0.49013840124634644,2.5613206683936154,4.515644749902407,1,271.9537426115559,1,0.728357737563945,19.109685055981437,8.671773544513522,0.6629490897267317,0,"[""Low GPA"", ""Low assignment completion"", ""Poor attendance""]"
S1050,3.9239615694113965,1,0.599286007261363,0.7856998307610751,6.737979380232067,24.502707903585843,1,3221.2836182540577,1,12.369987352917288,19.126356942233762,9.558431471751637,0.2037298274432321,0,[]
S1051,3.4378320584027864,0,0.8216767064681185,0.839505929692713,5.465497457018975,6.219270095626738,0,4871.23827072378,2,43.31462179910906,30.71879912247326,2.3671530584486975,0.370135249000912,0,[]
S1052,3.848747353910473,1,0.48899730899008875,0.8802617360390596,2.6042722021417744,23.47164988380262,0,349.0032730731446,2,8.231421412933438,25.142656025891327,8.826154575172458,0.3060140838517379,0,[]
S1053,3.737068376069122,0,0.42076342391703714,0.7808898151343809,7.173201439448773,22.037337693642396,0,2773.4385489004317,2,20.756246976736055,25.330528064376416,0.9697876251609538,0.3092692643247408,0,[]
S1056,1.7212312551297988,4,0.32656370890809355,0.3,7.659877480170506,23.775641758887573,0,2069.137326603979,4,1.0510553363108577,29.828706648191492,0.5774107946703599,0.9317905165109984,1,"[""Low GPA"", ""Failed courses"", ""Poor attendance""]"
S1057,1.989957156047863,3,0.3,0.4153538236840265,9.552814776375325,13.84336535661938,0,1020.832795841215,0,40.980477653289995,33.03763676447673,8.45012237155776,0.8253099938014906,1,"[""Low GPA"", ""Low assignment completion"", ""Failed courses""]"
S1060,2.471693224223705,0,0.43834766244080203,0.6310968269468711,9.816820435304951,25.576733457046604,1,2264.555351338054,0,14.16820344455591,32.81296352588804,1.0375634353585639,0.3971999138662581,0,[]
S1061,2.1783725794347397,1,0.47504221406704994,0.4931414255149436,2.487646998731571,21.326541500469574,1,4743.7219757485545,1,41.8618609110909,22.474551592380738,2.9542203631376496,0.6419009332159014,0,"[""Low GPA"", ""Low assignment completion"", ""Poor attendance""]"
S1062,3.5718437728798236,1,0.5615050393524402,0.48921326423579925,7.302267635000689,27.208284265045016,1,303.0245385745489,1,27.149906630263466,26.856242905749475,0.9055946760092048,0.2800243210356947,0,[]
S1064,2.202336274218452,1,0.3,0.31529807753004857,6.278311829698363,17.79043501081793,1,124.83111060028584,2,31.26649798521165,24.766721769722334,1.3332681634257515,0.6336011768555695,0,"[""Low GPA"", ""Low assignment completion"", ""Poor attendance""]"
S1065,2.856740207895621,1,0.46929419595411365,0.5988201914974323,7.279035647680677,17.973617551209756,1,857.1708835527137,0,0.6170523030187003,32.99227791919323,8.518459258388878,0.4124959304272558,0,[]
S1066,1.8523105624369065,2,0.3,0.4276656192671735,9.366552305881157,10.603822216403474,1,2267.8949996141705,2,7.148043880037608,27.552420143599484,8.17191050726641,0.7384542498891558,0,"[""Low GPA"", ""Low assignment completion"", ""Poor attendance""]"
S1068,1.686376609199427,1,0.3,0.31979947152663557,1.50522493074589,1.1394468986956041,1,3428.5027146682196,2,12.20808043580765,9.673527816614126,8.957263555151146,0.817270725084435,0,"[""Low GPA"", ""Low assignment completion"", ""Poor attendance""]"
S1069,3.9672173415012932,1,0.8966114250831307,0.9432079669624364,8.6745521788814,22.37580115881036,0,4551.065174338783,4,29.900455866437483,17.039900778737124,0.2894431674336706,0.209797364385723,0,[]
S1070,3.4306119232416434,0,0.7631082426961004,0.8106357192716963,3.0298719693315936,16.479674382095222,1,3195.160794574604,2,19.255130141151483,38.709712993348624,2.396457849575566,0.2752930127621984,0,[]
S1071,1.996789203835431,3,0.42730750978158955,0.34196337672435834,4.392227482627348,1.7322315560752133,1,4767.675489257544,1,42.74028893996307,26.310615330904,0.3238913777599506,0.8421962203575667,1,"[""Low GPA"", ""Poor attendance"", ""Failed courses""]"
S1072,1.513805292809006,4,0.3,0.37687621155209683,5.15559532251144,20.422676788814567,1,4408.078199389988,0,47.62076529983218,22.575815213559586,3.35843487039316,0.9152289631577489,1,"[""Low GPA"", ""Failed courses"", ""Low assignment completion""]"
S1073,3.5386535711370852,1,0.6740165931228712,0.6116767482578905,5.328154006777627,14.003462316935638,0,2922.498977653951,3,44.17823641850952,37.31826502112909,5.1386652571327165,0.47494952116672656,0,[]
S1074,3.267143359619043,0,0.5440743840835812,0.534384326132036,4.916623593298211,1.03383778275,1,4168.959754594136,2,13.530999734679833,23.46047124149795,7.966448690151381,0.4358133882015181,0,[]
S1076,3.4281758667148643,2,0.5131085768960735,0.5730385606256249,7.354171068976221,28.473364292683215,1,392.78915461863573,3,23.72174468103675,30.372434206008208,7.054900246731167,0.39008352794665635,0,[]
S1077,1.685111629335226,4,0.3,0.3622542213729985,6.680535813610357,15.387072484415928,1,3702.82361629755,3,0.36670754180901377,28.50662475946178,1.8750445711898034,0.8921750408894991,1,"[""Low GPA"", ""Failed courses"", ""Low assignment completion""]"
S1078,2.396164321360682,1,0.45338749624667135,0.4950872203972885,1.4485782500464741,2.8101726211773057,1,474.54220633673106,4,1.2904696431590867,7.726400336337309,7.5059845674412635,0.5975030596781682,0,"[""Low GPA"", ""Low assignment completion"", ""Poor attendance""]"
S1079,1.7896726488128243,2,0.3,0.3670340449107448,9.135219972343371,22.638636647957753,1,2970.413902848562,3,27.664531981150002,18.852330982964848,2.3599660590923754,0.7434730359619035,0,"[""Low GPA"", ""Low assignment completion"", ""Poor attendance""]"
S1080,3.657758564688984,1,0.6110477607020091,0.6335174336074099,9.184511728075567,14.757933003171871,1,3513.201029291144,1,26.0224702082643,18.900617712783408,1.4354475594376792,0.2742505274067182,0,[]
S1082,2.327245062131623,1,0.3,0.47777926211067023,1.0632628343225723,14.742545325856703,0,1153.9732696326587,2,10.092091768187906,20.691739286090126,1.8206312888185539,0.6911456853040114,0,"[""Low GPA"", ""Low assignment completion"", ""Poor attendance""]"
S1083,1.6588958757150591,1,0.3,0.3386097703065475,1.5155222596986102,15.673324362163934,1,4578.361161308249,2,12.905196458023422,16.52429590908577,5.128628793769911,0.7997069867142903,0,"[""Low GPA"", ""Low assignment completion"", ""Poor attendance""]"
S1085,2.312958305066868,1,0.3,0.30191925271767495,2.18214467330416,13.236711409659796,1,1231.430094052658,3,45.877150482687235,16.494659490987242,0.7960507699250563,0.6906474771206128,0,"[""Low GPA"", ""Low assignment completion"", ""Poor attendance""]"
S1087,3.093893678388033,1,0.4393842940128688,0.4571740113117806,9.303607522790108,27.56204131819132,1,2983.882099808448,4,41.11695557284237,23.031434510976464,6.543464596528576,0.48119695975383436,0,[]
S1088,3.7180318564408164,0,0.8146292246728343,0.7657094928793189,5.2485439077729845,10.868042612957735,1,2507.8784995897418,2,45.138189398225435,34.14618195764448,8.725199518293623,0.2511202704772088,0,[]
S1089,2.6805373129048733,2,0.616211271052449,0.601105460627832,1.1206236378894905,21.77149389659847,1,4880.934874940419,0,26.24499933629191,29.01148337418221,2.4414756050690722,0.5468891242985393,0,"[""Low GPA"", ""Failed courses"", ""Poor attendance""]"
S1090,1.7989856148457544,0,0.335370881300052,0.35392244942129425,3.544711206208858,26.833576704726966,1,3417.2688870375446,4,22.559659572536184,14.41576160216445,4.501098586850296,0.6929277054661376,0,"[""Low GPA"", ""Low assignment completion"", ""Poor attendance""]"
S1091,3.2831119680574874,0,0.6508755464059021,0.6384975862106333,1.4013541753566539,13.679378272798107,1,1877.2055483395634,0,16.519573683280825,3.4828482230923274,9.258273744435174,0.2830416537649173,0,[]
S1092,3.4019626215422436,1,0.5934249902601203,0.8356924252002954,1.3265886035215195,13.303675091457123,1,4000.36716038434,3,29.460730717392774,8.08597596901083,6.599934501353172,0.37080185722261905,0,[]
S1093,2.9031929939237404,1,0.3132041299526958,0.6804653482844267,3.48147867785997,18.063509560643386,1,4422.916464605939,4,22.713919839491126,21.81961361979343,3.887684128615969,0.5512491316226693,0,"[""Low GPA"", ""Low assignment completion"", ""Poor attendance""]"
S1095,2.734488990910977,0,0.5520595519077179,0.6314421994658366,8.084139423414436,24.19768026978831,1,1002.7648892263325,1,46.846393186556945,21.7589244513987,2.6248500790059106,0.3574544937211498,0,[]
S1097,2.568852545896374,3,0.5126358998537623,0.3771707156501921,4.340863845009984,29.883688489183236,1,3456.0590469327017,3,39.824219466479036,33.95695477904291,7.181679475605137,0.6996427773364183,0,"[""Low GPA"", ""Poor attendance"", ""Failed courses""]"
S1098,1.563547816860238,3,0.3,0.3169663925917914,4.859981909749347,1.7841470660184233,1,3015.1977752664166,4,37.83790451234641,15.890858913618388,1.2442188685189348,0.9368255847204839,1,"[""Low GPA"", ""Low assignment completion"", ""Poor attendance""]"
S1099,1.769728567483261,1,0.3,0.3,8.603104926574193,0.09503545742105213,1,3094.957823492941,3,34.02790808895507,9.822025037779643,5.99597260044054,0.7790276325593072,1,"[""Low GPA"", ""Poor attendance"", ""Low assignment completion""]"
S1100,1.5785729642168356,0,0.3182478627645268,0.3092624958945805,3.4132511808596204,19.205949346788714,0,4703.8664984475045,4,8.303742616675686,32.49304720988246,5.503512788387511,0.8812782310205082,1,"[""Low GPA"", ""Poor attendance"", ""Low assignment completion""]"
S1102,2.285889952690817,0,0.40979821387468307,0.4560031375907211,8.677806610632853,7.211471660984515,0,639.6846225589159,4,34.53631575566315,4.459507513551277,6.90123117682008,0.6222714366120506,0,"[""Low GPA"", ""Low assignment completion"", ""Poor attendance""]"
S1103,2.771426727911757,2,0.5352333420716958,0.6158980803273737,1.4185052779605893,9.356972400128413,0,1737.5354121259052,3,36.4393111128288,22.816379656145664,8.374495950834618,0.6670460923931002,0,"[""Low GPA"", ""Low assignment completion"", ""Failed courses""]"
S1104,3.7689161848152324,1,0.4030730401116933,0.8101747915023638,6.577294961794741,7.6814269531486286,1,2176.9682308786782,3,2.3486495549069897,23.262568177519547,3.229896831768684,0.3045573040133214,0,[]
S1105,2.1232305728721874,3,0.3805291593757376,0.4180163808804541,6.057935627201261,0.9237014898134355,0,1979.8079437380245,4,46.402587511442405,28.58782700942937,8.890121901109595,0.9188231428755734,1,"[""Low GPA"", ""Low assignment completion"", ""Failed courses""]"
S1106,2.525957307589074,1,0.3,0.5888424252039233,4.113284027515249,29.145991271717662,1,3346.543045809396,4,4.557031972233877,9.608777328335423,1.606336126185507,0.5365180309086376,0,"[""Low GPA"", ""Low assignment completion"", ""Poor attendance""]"
S1107,3.3888778463576217,2,0.624116402610383,0.6104992630155014,3.836705689876231,6.622364653583452,1,4459.465516282813,4,14.29502668856012,17.7508535636898,1.7302386975116435,0.4727579358464641,0,[]
S1108,2.071995413729056,1,0.4599802201583888,0.5095322829611741,7.946719535634592,22.020892877679188,1,1530.25731761394,2,33.61949063993522,11.29471676170625,2.667720636239239,0.5510085955355818,0,"[""Low GPA"", ""Low assignment completion"", ""Poor attendance""]"
S1109,1.6924497745719824,4,0.3,0.3,1.7778214968629182,22.87789184082526,1,2759.385682105928,3,8.493629720223817,3.238149444627525,1.1953086954707781,0.8664656318469586,1,"[""Low GPA"", ""Failed courses"", ""Poor attendance""]"
S1110,2.22437863228442,2,0.3438958221544711,0.5608416811030476,3.1310587838024686,27.87772194021688,1,3947.047109567928,3,2.7707944221122216,35.06455308063566,2.3031922468287758,0.6781631438902923,0,"[""Low GPA"", ""Low assignment completion"", ""Poor attendance""]"
S1111,1.903053218135011,2,0.3,0.4109701408658668,7.592038586542808,0.9164837128013992,0,2081.0902942267467,2,16.55732445820749,29.154792179533647,1.064117629028446,0.8360078296201374,0,"[""Low GPA"", ""Low assignment completion"", ""Poor attendance""]"
S1112,3.8242441308564326,1,0.44907022142934455,0.6609305110924658,5.934885253537818,26.16145015341023,1,840.5906419964792,4,38.298578742758956,12.058522378352027,8.217524169853904,0.29928844454613085,0,[]
S1114,3.083509391276059,0,0.38325791485819505,0.5769127101177588,8.939220528538542,18.976323298974837,1,276.11260371514237,4,32.64864609539696,8.050551525378896,7.472975575598568,0.3723894815617815,0,[]
S1115,3.6786514754692945,1,0.4269544991522326,0.5512148150380741,4.541030619072324,19.33410831363101,1,4711.917270011384,4,28.980954861406833,35.60946487183084,0.4791386791333374,0.4513292853010425,0,[]
S1116,3.5091801922477863,1,0.5633081868189729,0.5144707652130327,8.450815377899556,24.593934149541827,0,374.1060259748652,2,1.1109241012790205,4.596253734476412,9.48520327513915,0.3337340017225868,0,[]
S1117,1.9664251472150895,3,0.37772367620860137,0.41399517526858653,8.08941713974938,10.002219664773316,0,2192.2835762528907,3,49.426999352285335,0.15348582031203595,7.111600875277661,0.8369188330302497,1,"[""Low GPA"", ""Low assignment completion"", ""Failed courses""]"
S1119,2.848355604789127,1,0.3,0.6042452087786394,5.450330181655836,15.857343291665913,1,4926.519161436428,3,48.39013688242425,23.32511293811477,7.6385650020021405,0.6008624459796733,0,"[""Low GPA"", ""Low assignment completion"", ""Poor attendance""]"
S1120,3.518600387910156,1,0.5823596475728112,0.8533335562057272,9.815957563435813,23.801820429160433,1,830.1091182143039,0,27.493208918219906,23.158612811832175,5.140819207661853,0.18860533503321353,0,[]
S1121,3.740228249808733,1,0.6615664005979573,0.7183655565854169,2.304685651418353,29.716380983104003,1,572.1575930617928,3,48.157951353253324,2.1804770975130516,7.793651703351197,0.23859510834667713,0,[]
S1122,2.2950086874296596,3,0.41114596147057453,0.4670089766421516,7.526401547960033,6.019530522112837,0,43.530735312717894,1,5.737679970691772,12.561752276737298,5.224968088905885,0.6962038220030519,0,"[""Low GPA"", ""Failed courses"", ""Low assignment completion""]"
S1123,1.775129811319192,1,0.3,0.3,2.720716313183101,29.839459246799937,1,777.8571843465115,1,24.52042595927566,19.967957873653273,6.410248576353546,0.6935839823194225,0,"[""Low GPA"", ""Poor attendance"", ""Low assignment completion""]"
S1124,2.069837906354854,3,0.3,0.46098003479640765,4.044367947991136,2.6943646284832203,1,1036.364895338338,4,8.475204593302932,8.663167425089636,7.863316553950405,0.7800518804896523,1,"[""Low GPA"", ""Low assignment completion"", ""Failed courses""]"
S1125,2.567769471565641,1,0.4410893062508707,0.4593541665101828,3.778288690358757,0.06952643714441598,1,3152.9047079154616,3,2.5487438511221203,34.905035419435855,4.051080545878567,0.6395117676992842,0,"[""Low GPA"", ""Low assignment completion"", ""Poor attendance""]"
S1126,3.5450369148062326,1,0.6009118777591541,0.8804421777518118,9.523323889648507,1.3248580853349379,1,1098.533951957002,4,30.87645575311558,3.4843715784573615,0.027081498204520882,0.24853656865030543,0,[]
S1127,3.6518264581408584,1,0.8402372311542661,0.8354132932655707,9.706205600094476,10.25347214210285,1,102.60407364662605,2,10.389171048084572,19.495377666881716,8.499464959451885,0.1557089320020415,0,[]
S1128,1.5173803263279768,4,0.3,0.307671554180703,2.6471389981125446,18.987189920353025,1,4133.091727512444,1,29.384850914377296,27.65664230052608,3.808903626246626,0.9586901216910461,1,"[""Low GPA"", ""Failed courses"", ""Low assignment completion""]"
S1129,2.7768682564439144,3,0.4370025483607745,0.3967494130781675,1.1983164426775377,2.070886226635489,1,1827.9785050198338,4,5.618224097449281,10.470044005379297,4.96042726016583,0.6829835590280342,0,"[""Low GPA"", ""Poor attendance"", ""Failed courses""]"
S1130,2.5435275078719473,1,0.3805938662949214,0.6047253421192977,7.480072356968018,0.1699744358870181,0,1768.4834329036696,2,16.59932357163514,24.969629479900725,0.07766642153968717,0.6170128219431144,0,"[""Low GPA"", ""Low assignment completion"", ""Poor attendance""]"
S1131,2.0552695261768257,3,0.3386262676760101,0.47987985061417693,4.761909404834359,28.112730853763843,1,1512.395145839633,4,39.081627902662355,33.17540600569498,4.92092010350098,0.7720601214860191,0,"[""Low GPA"", ""Low assignment completion"", ""Failed courses""]"
S1132,1.799663418334207,1,0.33875313745035235,0.3,1.7995622057880793,24.65779907819789,1,4876.866385732104,3,21.852576092109384,7.613479003801902,9.864874015717294,0.7786684729546044,0,"[""Low GPA"", ""Poor attendance"", ""Low assignment completion""]"
S1133,2.34403792850907,3,0.38778897107428645,0.3902473383332159,7.153786950193383,24.27549513417093,0,850.5770865464074,3,31.387270744866818,36.688823672994516,2.782676608187696,0.772837535310436,1,"[""Low GPA"", ""Low assignment completion"", ""Poor attendance""]"
S1134,3.857274259781298,1,0.7651427044055024,0.8659877836619896,5.905949754346297,26.532728265059312,1,4491.190319766176,3,32.3728970372773,22.14234130649432,3.954182702423781,0.21559557105715965,0,[]
S1137,3.2575473972379445,0,0.5196977814679723,0.5853464212530248,4.635800886938934,11.973005642211692,0,4933.645507504243,2,34.36477812912588,12.487675351455518,4.173916240061003,0.47999308195956963,0,[]
S1138,2.409074005948235,2,0.513504279445606,0.3359916562384969,5.882912230558806,21.694484593938885,1,1356.8298176950527,2,48.080790352308284,29.004446397332643,3.0966887040129256,0.6349717623505275,0,"[""Low GPA"", ""Poor attendance"", ""Low assignment completion""]"
S1139,3.929455206802402,0,0.6376545496787145,0.892503328245561,8.125299896080165,8.410033823745627,0,492.91463511206166,3,36.5121667178934,31.852026536605287,9.378257999850671,0.26515728441865644,0,[]
S1140,3.906118237355278,0,0.6593651274082121,0.6712811403128052,5.939547910480528,20.62219092408713,1,4146.5711706287975,0,24.493523835887228,33.31749569274644,6.771449666716692,0.21757794453253856,0,[]
S1141,2.1294557395634106,0,0.47348765123265946,0.4206034803346384,6.516101447757543,0.7349534480295705,0,3533.3776683884994,3,31.53587222459646,39.43072998342964,1.1902130449314108,0.7478937382806521,0,"[""Low GPA"", ""Poor attendance"", ""Low assignment completion""]"
S1142,2.7431212647309637,1,0.3,0.38838837088907024,3.035323464309467,9.184120226387796,1,3086.094029389504,0,36.984144888155406,31.65137169986734,0.6892787813464862,0.6120794784023338,0,"[""Low GPA"", ""Low assignment completion"", ""Poor attendance""]"
S1144,2.212101235943669,2,0.3148035935869302,0.46756639589900184,4.857674922734281,18.96269488518727,1,2392.4805812798095,1,0.8337906744919577,13.568811935671352,2.2009006604727244,0.6202922299098852,0,"[""Low GPA"", ""Low assignment completion"", ""Poor attendance""]"
S1145,1.5922173683863319,0,0.31264269481059653,0.31980209008904503,2.2686366476959234,17.311219933857323,1,3902.780134436069,1,9.738674884361293,21.783817948429977,2.5398475337625346,0.7293582906938311,0,"[""Low GPA"", ""Low assignment completion"", ""Poor attendance""]"
S1146,3.023910834949742,1,0.3212121571448773,0.6101169967922782,6.977691230548756,20.932688282202886,1,1518.1196907192013,4,40.5234108607733,1.6427269116162169,8.776921788278482,0.461657375550663,0,[]
S1147,2.7566975580721538,0,0.3,0.6292519920657198,2.9448140786677675,0.1826624471951721,1,1558.4491425752074,3,13.632532365624234,29.793003021196522,0.8956602431631067,0.5309592172781308,0,"[""Low GPA"", ""Low assignment completion"", ""Poor attendance""]"
S1148,1.6286968781249733,0,0.3,0.35475074755172914,1.8780625921536975,3.028235999325645,0,15.70453024061058,2,36.5781059780567,17.83822180368407,7.1536411522888965,0.8212418186685175,1,"[""Low GPA"", ""Low assignment completion"", ""Poor attendance""]"
S1149,2.1966161605915286,2,0.3,0.3331586284023513,8.75788217563845,26.06832756837435,1,871.2170082268977,4,18.606010762084935,0.8009291892875048,2.7114225338058806,0.6250139868371619,0,"[""Low GPA"", ""Low assignment completion"", ""Poor attendance""]"
S1150,3.7706647149166344,1,0.3954239711885722,0.6429374811228392,5.141460380395957,20.452459322704836,0,4377.028125609171,1,26.094216407897157,2.5002776604164323,7.603282214041377,0.3975100089476782,0,[]
S1151,2.098904726667431,0,0.3217116433636734,0.5181518838980483,7.743553414261988,3.3879492805803393,1,2208.7324581885355,3,3.398664990970185,15.498658552870266,7.224113844635446,0.5995424300210295,0,"[""Low GPA"", ""Low assignment completion"", ""Poor attendance""]"
S1152,1.8622371802280577,1,0.3004493328145105,0.4309257133357874,3.6152880382571957,25.262233121957376,0,4921.17249617217,4,9.061278052485477,23.3368607607374,0.07391901444293025,0.8131160071657095,0,"[""Low GPA"", ""Low assignment completion"", ""Poor attendance""]"
S1153,2.7236319006939076,2,0.3618011615970317,0.5398975030145847,8.082731214258997,7.266936534737008,1,1978.539817868963,3,47.85984817596173,18.568157958085067,5.091354129215992,0.605695099264955,0,"[""Low GPA"", ""Low assignment completion"", ""Poor attendance""]"
S1154,3.964126135276502,0,0.6325541554370679,0.6224171182495786,2.007423343193773,14.347796525856705,1,3575.9322739012064,1,44.5069026723457,24.768172691686196,1.3931948237804637,0.26409978163178766,0,[]
S1155,2.105138178778751,0,0.3,0.35496328285576556,4.203760364153674,4.3558953865398085,1,1409.5952145236456,4,32.61375554495251,19.21177035165423,8.662270305786768,0.7066050941795662,0,"[""Low GPA"", ""Low assignment completion"", ""Poor attendance""]"
S1156,3.1803388685146965,1,0.46370098601408594,0.6956247886693363,9.802556361761757,21.3033016926512,0,1819.0482057046675,1,22.98222986928687,26.46815381925387,8.715858828624066,0.42936448251229015,0,[]
S1158,2.0940938599809993,3,0.39143385260468677,0.453442909936792,5.475303372832194,6.333374134984085,1,1735.3118424969748,1,30.93051445469695,4.513727487344856,4.443956184510806,0.704169704954705,0,"[""Low GPA"", ""Low assignment completion"", ""Failed courses""]"
S1161,3.080764576483949,1,0.4293807435319854,0.4480301503101191,5.903629831760641,8.775452732122254,1,3321.008565358928,1,31.640130533075343,1.0747061617974119,3.5866136302645915,0.46111333508840147,0,[]
S1162,3.083824276902237,2,0.6778171909689537,0.5554223662219926,7.825825160822,4.569887683936064,1,996.2297720415703,2,38.44600222855842,15.219275419721434,2.6779247452263375,0.43126971674348824,0,[]
S1164,1.7257244251360206,2,0.3,0.3,1.1615111071164264,0.6608076367145099,1,631.782406572553,4,0.5539276297154838,21.25427327010781,0.9148751838745872,0.8401041112753702,1,"[""Low GPA"", ""Poor attendance"", ""Low assignment completion""]"
S1165,3.588256238973095,1,0.5010648030229099,0.8422710937427785,2.136284045133521,17.497724773683466,1,2812.7760063652368,4,36.50867266553383,15.831107186417231,7.466032046442038,0.3661778011367452,0,[]
S1167,1.9662962759996356,2,0.3,0.39298343219434445,2.454578301572843,16.469413483249255,0,4702.0960365037345,4,21.702608804047834,32.22408875080953,6.444850615205939,0.9274985930700577,1,"[""Low GPA"", ""Low assignment completion"", ""Poor attendance""]"
S1168,1.6019378538869098,3,0.3,0.3,3.2994401019004425,6.578218857716271,0,79.11585998410409,1,6.378508728568544,11.986747353659633,1.8286452675487241,0.8858807229065,1,"[""Low GPA"", ""Poor attendance"", ""Low assignment completion""]"
S1169,2.9772323579706046,2,0.45313627367172044,0.4950779985861384,9.519741587796464,1.0100753464161816,0,2613.8007078093488,2,20.454257431743812,38.4840841666011,2.324040462144131,0.6364413546364899,0,"[""Low GPA"", ""Low assignment completion"", ""Poor attendance""]"
S1170,3.193910904605706,1,0.3675288523508772,0.49612052169149684,6.041640325374207,6.438842197764085,1,2354.3367811158837,3,17.718859149306766,21.425380023502978,6.3563199864004,0.5021264831862328,0,"[""Low assignment completion"", ""Low GPA"", ""Poor attendance""]"
S1171,1.5414695723196403,1,0.3034626588500096,0.3,7.756565562994124,12.48364284213277,1,3280.2751098785197,1,15.14149444893711,24.73163195019152,9.929434657829072,0.7834726912016938,0,"[""Low GPA"", ""Poor attendance"", ""Low assignment completion""]"
S1172,2.7802326457482023,1,0.5786549471455693,0.5792286642702414,6.021826649043759,22.788342860993893,0,2797.8942723267096,1,36.543981166110385,27.22689492902948,7.777174890725506,0.5416075524306765,0,"[""Low GPA"", ""Low assignment completion"", ""Poor attendance""]"
S1173,2.0662394379948448,2,0.3,0.33678043395102786,5.972622533044527,5.6352855761332235,1,3435.195752912403,1,35.03627606421319,26.66926119430359,2.25839632223392,0.773452674699781,0,"[""Low GPA"", ""Low assignment completion"", ""Poor attendance""]"
S1174,3.1129319760236247,0,0.5660701956996895,0.642282692736252,1.8473671911312812,21.593743600640583,0,3290.412923745952,3,29.451004549045578,20.438829721802485,1.760247550411338,0.46872163840274245,0,[]
S1175,1.9359160725124787,4,0.4175819877230143,0.3,4.092968733481928,26.00800405055651,1,585.058624289731,0,46.93324066466861,17.15057164458734,8.662328702676703,0.7824473359262156,0,"[""Low GPA"", ""Failed courses"", ""Poor attendance""]"
S1176,3.227344345256165,2,0.7292074883650917,0.46502338377149954,3.5418780881786054,13.618405443250712,1,3998.589568093598,4,17.492719209042722,2.1512785670951162,4.441839479215043,0.46553241277485286,0,[]
S1177,2.4668383657513435,1,0.4340166153252384,0.4027809807514391,4.516555290522519,24.6429597492778,1,616.1628785816242,2,12.190096885508977,0.8834338120471896,1.3705280282815546,0.48333942820003467,0,[]
S1178,3.8418249718418362,0,0.9005037544069818,0.7682099055218596,8.185097694018955,16.639720441052866,0,3492.6531260456854,0,32.79516565491998,14.318447781310585,8.622114233219381,0.186372125340243,0,[]
S1179,1.8438023603649831,0,0.3936932780749337,0.40430723009643904,4.347394011251784,19.11272511242715,1,2080.726838203034,2,9.940703046870148,13.346435625347706,8.160923529142615,0.6214738335153472,0,"[""Low GPA"", ""Low assignment completion"", ""Poor attendance""]"
S1180,2.3526658776256464,1,0.4557857930507645,0.4361620567932425,5.065271373085144,15.78835381014608,1,2569.2536728829896,4,15.750525359171231,15.50780619356027,9.839063638971636,0.623610329382233,0,"[""Low GPA"", ""Poor attendance"", ""Low assignment completion""]"
S1182,3.811734045696407,0,0.6071609020513521,0.8232982884103666,1.8406717477776604,7.03960325327548,1,4449.418632367433,1,3.4576783859250613,29.526730821473745,8.517903386605417,0.2735987120841135,0,[]
S1183,3.6933483834524523,0,0.8251877966101847,0.47053016429323,4.969649424257053,9.095821783831381,1,4089.2815282751476,1,41.37493708178367,34.27857659104956,0.5257439781100315,0.3072513261938676,0,[]
S1184,2.144854069287889,3,0.3,0.37199488804247555,2.7604834574006354,8.69910356830827,0,2550.741902281616,3,12.727027146083058,37.5485854149614,1.0441536949811803,0.9056584198296317,1,"[""Low GPA"", ""Low assignment completion"", ""Poor attendance""]"
S1186,3.5430555005030397,0,0.4117874665321263,0.7136998301886348,1.8463249399083972,3.5986107907166973,1,2564.4852775940467,0,2.165763662715597,28.034627965017144,5.314792462818208,0.3352041957621708,0,[]
S1187,2.888002028998656,2,0.3,0.4901743033706736,4.210038767275883,27.503750721070055,1,4348.030412373887,2,34.966973312632156,34.2220449374349,4.5796321448953545,0.6215903011198886,0,"[""Low GPA"", ""Low assignment completion"", ""Poor attendance""]"
S1188,2.824126445890016,1,0.4228806741054368,0.6838836509646711,7.817336963104756,21.6196543584934,0,2013.8791661644996,3,16.528050115314542,16.731644443739437,3.9678932541458423,0.5045164867974555,0,"[""Low GPA"", ""Low assignment completion"", ""No financial aid""]"
S1189,2.1046307272511293,2,0.3,0.4831384057506286,3.4879752152505645,12.043368927395809,1,4851.176722074384,0,37.2368363914605,12.376511794817775,4.312104848643289,0.7241858452925809,0,"[""Low GPA"", ""Low assignment completion"", ""Poor attendance""]"
S1190,1.732756919514748,0,0.3558097169519024,0.3,3.811141916969622,4.758724335791339,1,4661.6137911443875,3,20.620153023393307,37.4689822341396,5.692979341347952,0.8142118601974968,1,"[""Low GPA"", ""Poor attendance"", ""Low assignment completion""]"
S1191,3.7430393948833167,1,0.8312770406922435,0.7719119580937059,6.784071919051812,26.459765091649075,1,3708.0130972589277,4,9.78778032028123,20.627062043082923,0.02076517600081207,0.2006636718346568,0,[]
S1192,3.751045142908326,0,0.8190871437758335,0.7502029767556524,2.76256731328227,24.713342703034957,1,1397.07942088036,1,25.658754114101797,19.890155463635118,2.607087741328522,0.13660730609520125,0,[]
S1194,2.3475744776217518,1,0.3,0.4124228660126265,5.68171470926399,8.146411422337271,0,4273.517250465988,1,22.026957993649738,4.32620058293427,7.222160986736462,0.7130516026887956,0,"[""Low GPA"", ""Low assignment completion"", ""Poor attendance""]"
S1195,2.373023936531652,0,0.3870777694112747,0.4094673495139832,5.028426462881953,12.073399123010068,1,826.5114306898064,3,15.865273871024327,33.68427449934047,1.7415669239539633,0.5745652958956355,0,"[""Low GPA"", ""Low assignment completion"", ""Poor attendance""]"
S1196,3.3148891971755985,1,0.6128866151046879,0.6756261840513056,6.020381727362812,3.0824475735727006,1,4271.303944986678,3,45.59797920998166,24.565327047500723,5.468811737874329,0.45323775326295,0,[]
S1198,3.7177160606627933,0,0.5121829899227551,0.8538788923134952,6.521258247752587,23.490499119501987,1,2032.7839190405211,1,34.7008707052871,7.669448695610659,4.446276579139047,0.16289044224344287,0,[]
S1201,1.710349912487622,3,0.3581089259096949,0.36943475384730123,2.5196878600991752,26.871801777785187,0,2883.070035648589,2,20.775703153103297,8.279744049802327,2.964448877441531,0.862135972330802,1,"[""Low GPA"", ""Low assignment completion"", ""Poor attendance""]"
S1202,1.9040717852365345,1,0.38771615584291574,0.31586566497589386,5.56345993478897,17.49799553439136,1,2793.829723121988,2,45.40075446874871,34.05622991565896,9.296496077013284,0.7606302392184336,0,"[""Low GPA"", ""Poor attendance"", ""Low assignment completion""]"
S1203,3.7463854713176983,0,0.6298802465870158,0.7479307643215873,6.383013664321162,14.009039998908321,1,1855.847580097657,4,12.128913303691258,3.3705746462340436,1.2461338567832736,0.18541145856184177,0,[]
S1204,3.016072649148975,1,0.5605911448042695,0.6416906343456255,1.3004524160774311,10.21112238917288,1,3928.2155176456363,2,4.5654401272335114,14.243723406656867,6.524759555072322,0.461915675605619,0,[]
S1205,1.522992629041574,2,0.3,0.3,4.273238122805262,28.213455172085176,0,1263.992220078865,3,15.93448019952618,27.215376550500885,0.5271976633450115,0.8721376900773937,1,"[""Low GPA"", ""Poor attendance"", ""Low assignment completion""]"
S1206,1.7536788571650803,4,0.3,0.33572063730619206,7.593717112307496,2.481463845730605,1,4694.474800206375,2,5.233798526776667,10.964814552768027,4.461704378126965,0.8924029942842979,1,"[""Low GPA"", ""Failed courses"", ""Low assignment completion""]"
S1208,1.5126539596155468,0,0.3,0.3,3.818457953355541,24.80143979793055,0,1687.4016283744909,2,28.692529898751335,29.59471306401614,2.9795493131686546,0.8092928971084082,0,"[""Low GPA"", ""Poor attendance"", ""Low assignment completion""]"
S1210,2.8718344734164654,2,0.4342082074884222,0.4969569268648586,9.7098028939305,16.949530730257607,0,2866.1159722479574,1,1.5465440696783017,4.764261435068651,1.6355379453018737,0.5194510355762457,0,"[""Low GPA"", ""Low assignment completion"", ""Poor attendance""]"
S1211,3.229737994231733,2,0.44218424069197004,0.8132951087231717,8.711865424675846,25.996439452472607,1,1688.246509996173,0,35.72070507352489,5.621885119821717,3.0412384946803614,0.3031751668772132,0,[]
S1213,2.0606732736513997,2,0.3,0.3564375264877682,7.657572988769866,27.215994646818668,0,126.18672924132102,3,6.268767461693664,20.723086607902445,3.018000558611551,0.7230877499450793,0,"[""Low GPA"", ""Low assignment completion"", ""Poor attendance""]"
S1214,3.28044805336884,0,0.7277091193266919,0.6537694392361518,3.8770014919649025,28.289514504481275,1,1263.2301531064334,3,12.680638542985411,29.920643067976094,8.997430784088717,0.28883965714865534,0,[]
S1215,2.0931227187420003,2,0.3,0.3,9.895743904708688,12.671535665529177,1,2600.370305555752,3,32.10432536761995,33.461235630436136,6.284069576409897,0.770282734651187,0,"[""Low GPA"", ""Poor attendance"", ""Low assignment completion""]"
S1216,2.3134992453981695,2,0.3153119115386772,0.5838307787016849,5.3682308484389845,11.319409842189708,1,2609.7650173928196,0,13.77682835704256,28.173412638287218,4.386490184359845,0.6280582228339071,0,"[""Low GPA"", ""Low assignment completion"", ""Poor attendance""]"
S1217,3.36622851279506,2,0.7887815907044029,0.6931370956417303,2.1019050852304693,28.089634619074705,0,2944.6653747278206,4,24.726056256020396,37.14387526122553,0.3875693555418247,0.47387234103924075,0,[]
S1218,3.1240822476180368,2,0.6348351873806345,0.6929676780859297,7.5266699322465165,20.254201834490043,1,3758.380860114596,1,6.084765336333614,29.54974038463721,4.995483352046712,0.3975869744551625,0,[]
S1219,3.623058526235445,0,0.5087977201563543,0.5322947676040579,3.9071007854759245,3.4806804404450786,1,3117.389152596482,3,29.40468188027235,12.250715480184589,7.647762421250892,0.38299571969686336,0,[]
S1221,2.920771508338679,2,0.3,0.5270957615836686,9.818042120690697,16.938871529917893,1,267.57231456521646,0,31.348421726435827,27.847698012043594,8.067735696487674,0.49477449772013865,0,[]
S1223,2.4192895076485836,2,0.3,0.31069850087696954,2.168438040565458,25.32746107217455,1,1160.27869850578,0,30.58232096949962,3.7085924324107955,8.237463879508004,0.625085228091101,0,"[""Low GPA"", ""Low assignment completion"", ""Poor attendance""]"
S1224,2.1630059192043136,0,0.34944904509792063,0.36366741897307564,7.1817489790752616,20.275432393930092,1,1326.8505580098772,1,14.787378129751033,21.288914994247754,0.852683416116774,0.53824029581893,0,"[""Low GPA"", ""Low assignment completion"", ""Poor attendance""]"
S1225,2.109974108447709,2,0.4600931299442765,0.5412676217966413,1.8372743781402447,4.173475466732626,0,2771.6873717017243,4,12.78718507741502,32.865662791158215,8.661837088690294,0.8414525457377012,0,"[""Low GPA"", ""Low assignment completion"", ""Poor attendance""]"
S1226,3.932526386881114,0,0.4568833797653613,0.7255013608694145,1.2642774319215309,7.626941512460867,1,997.5265746480421,4,16.3710479366724,4.055193698794541,4.991864509333305,0.260450888713953,0,[]
S1228,3.7301163879427834,1,0.9197043018245703,0.5236476814947091,2.887776529153132,5.484217099707013,1,1185.4235425867005,3,9.058592542501003,32.46288017406192,2.6511325041514877,0.29835072966628906,0,[]
S1229,3.0778465649931572,1,0.32409870399704466,0.7686243910870079,4.411244135971876,8.353182247513036,0,4742.514716090974,1,39.53455509500839,19.29096000326174,4.320105589303626,0.5667997132793078,0,"[""Low assignment completion"", ""Low GPA"", ""No financial aid""]"
S1230,3.487028258854121,1,0.7962027241612648,0.44722381446523746,9.761116509785559,3.8880195358632585,1,4723.328660855476,2,19.23662882537225,2.2924124004194724,9.99049498103645,0.34565876575451027,0,[]
S1231,2.7565927327629804,3,0.4625808023816137,0.609387410550688,4.031564516749929,20.283246942432335,0,3049.7077929802585,2,21.79975902852929,6.983594049887456,2.203273934375826,0.6278599650640547,0,"[""Low GPA"", ""Failed courses"", ""Low assignment completion""]"
S1234,1.9881074694951113,1,0.34814274378890747,0.43221970816562505,1.996736007870623,14.262198235502211,0,2949.7394140090437,1,3.3688435760962863,35.93421100670661,4.885424664402571,0.7807027154175343,1,"[""Low GPA"", ""Low assignment completion"", ""Poor attendance""]"
S1235,3.3061302881537635,1,0.5851655690860247,0.4554625205322293,7.836241691031686,19.030192191336127,1,32.17605748397856,0,41.57703931688328,23.307445862183314,5.241962710633073,0.3398089296108125,0,[]
S1236,2.2019309061021395,2,0.45616977743198395,0.3572926924952025,9.892590099874965,29.98398744646892,1,3862.58143039702,1,8.866327661196971,4.964294708551096,6.66935417557217,0.5753529313365011,0,"[""Low GPA"", ""Poor attendance"", ""Low assignment completion""]"
S1237,1.5607899160786345,3,0.3,0.37062276707746633,9.11166409697184,3.1442419499271637,1,3512.4417079423442,3,36.153581802483444,4.8565962201988855,2.671440698706493,0.8632571232154082,1,"[""Low GPA"", ""Low assignment completion"", ""Poor attendance""]"
S1239,1.9427766985176222,3,0.3904393658961106,0.407161318940913,3.826547154934588,11.553603597075002,1,3802.1215584123584,3,35.74497670456569,7.351386604316046,4.356720661222903,0.8088597203543879,0,"[""Low GPA"", ""Low assignment completion"", ""Failed courses""]"
S1240,3.8511464608822856,0,0.5243657708841594,0.7265034278956335,3.2888978306048506,25.974604956670653,0,2564.6108238738284,1,28.94888232770726,13.135419984664214,1.2908619514246178,0.2670475205464647,0,[]
S1241,3.8848214425064684,1,0.47845985598534435,0.5636287745345288,8.37329594384315,14.279031930349678,1,3520.4163566066954,0,0.730449855444143,19.488480276876558,7.422987567339443,0.27444299394345356,0,[]
S1243,2.425396750638611,1,0.3356932770663158,0.34764205921117153,5.728914212911236,19.03272435859751,1,1879.0250792304314,0,30.24197146812906,9.952761080797274,3.157434024840371,0.5577428312048025,0,"[""Low GPA"", ""Low assignment completion"", ""Poor attendance""]"
S1244,1.5386415413221686,4,0.3,0.3,3.1990594670781953,23.123418547916394,1,3540.609174503127,1,19.372564796126934,16.315584340291203,6.2151872403404855,0.9100381249660053,1,"[""Low GPA"", ""Failed courses"", ""Poor attendance""]"
S1245,3.8207964064693134,1,0.90998191826632,0.6419853038978498,2.016488875700562,0.08643754996843778,1,2378.4390900547937,3,43.173994745640655,11.18545273972825,2.1986195636897685,0.2875154083275011,0,[]
S1246,2.5704603707932856,2,0.3,0.453566975827454,1.7846152104864805,25.768700562618886,1,3371.998259069908,3,15.440113767480767,5.454813098702633,4.448393593405296,0.6285489887036719,0,"[""Low GPA"", ""Low assignment completion"", ""Poor attendance""]"
S1247,3.916637047609174,1,0.8002684436443539,0.6596928813947878,7.4716970261847,5.580690000169969,1,3814.4666777718207,1,14.676739622933022,29.120490311847895,8.994125221673253,0.25864457456538864,0,[]
S1248,3.909049942723132,1,0.5004552861959085,0.6060046076867269,4.7810685506295245,16.562080939601337,0,227.26250217897982,0,13.299884654632898,32.5259062067194,1.3353423316074942,0.32139496805925594,0,[]
S1249,3.6325236386684003,1,0.8333961518581051,0.6882875666386006,9.148238868500833,12.473925020623504,1,3233.0022197433095,2,16.639043448039775,10.299159045748993,3.86696449987462,0.2142413216581845,0,[]
S1250,2.2361222301739643,0,0.4943668946977195,0.5262932633303341,7.657041706540873,21.58961449831591,1,1133.7059220347228,3,27.87024821570936,30.976779784252134,8.211424247203473,0.5302175998942527,0,"[""Low GPA"", ""Low assignment completion"", ""Poor attendance""]"
S1251,2.4627443215048133,1,0.3868975716931845,0.4037839854790598,2.7213437612312803,11.134848443572254,1,3350.162689037834,3,35.35076471362954,15.422142576052554,9.694908994061782,0.6736442059074742,0,"[""Low GPA"", ""Low assignment completion"", ""Poor attendance""]"
S1252,3.627841678792142,0,0.8307993234226263,0.8844484504913139,6.5239967693412915,26.092895300451325,1,2341.6509296690674,2,33.12839588693925,20.26743163416011,4.539261364217959,0.13292501436002038,0,[]
S1253,2.292305012890694,3,0.3,0.5527778156946563,4.919549089583434,21.914890828763706,1,3867.763709324436,1,40.38589099907398,34.240042995726114,5.069996201433474,0.7364945186250884,0,"[""Low GPA"", ""Low assignment completion"", ""Failed courses""]"
S1254,1.9237318667152312,1,0.3734179373762471,0.3,6.1952475769175175,19.431395131887644,0,617.0040760279821,0,44.295699774871245,29.998147272096315,5.721719617837698,0.7477129124378062,0,"[""Low GPA"", ""Poor attendance"", ""Low assignment completion""]"
S1255,2.8920031561458757,2,0.37052236956088946,0.6556354036978231,7.642622110046655,23.887217866885628,1,3131.6117582809757,1,40.80395211716756,32.20467405264711,9.323481416337108,0.532241860176507,0,"[""Low GPA"", ""Low assignment completion"", ""Failed courses""]"
S1256,3.8403869354019524,0,0.9029773013961466,0.7571347250505845,8.255762929034116,22.62069104785147,1,1392.3536446377616,4,0.9472701687177287,5.473806663454273,8.582067909770299,0.07948869409393593,0,[]
S1258,2.9251529252234123,1,0.5128940364089992,0.5161023921576208,3.2857738711482227,11.842030615344845,0,4641.917528181537,4,10.41997868091658,35.736189163519484,4.36757817847075,0.6533878342210497,0,"[""Low GPA"", ""Low assignment completion"", ""Poor attendance""]"
S1259,1.7429412344269213,3,0.31428529301586716,0.3439936353585963,1.2800403992562193,27.924218919494695,0,4981.9914683952775,3,6.646402135399132,15.513370782843774,4.640004281964263,0.9329691128066241,1,"[""Low GPA"", ""Low assignment completion"", ""Poor attendance""]"
S1260,3.0375180667479245,0,0.4055859039950134,0.5372182690187448,7.653652616482958,3.7717280697667865,0,3980.0370121364163,3,31.924439239956776,11.515187122787234,7.890961116487567,0.5563995056813421,0,"[""Low GPA"", ""Low assignment completion"", ""Poor attendance""]"
S1261,3.975134625260658,1,0.5122880068447586,0.7652719859523088,1.9570935363019712,22.112896512961537,1,3768.6703521400227,4,15.987159770384746,28.98785017047298,6.0289288260543525,0.3283839830642929,0,[]
S1262,1.85021003809131,0,0.3,0.3940049445535978,3.834276297516709,29.23775434005989,0,1077.5037943377552,4,2.855858168522163,33.45662386319427,6.542204620290129,0.7407487278749423,0,"[""Low GPA"", ""Low assignment completion"", ""Poor attendance""]"
S1264,3.6934326798198884,0,0.6727372124739691,0.7098635579881893,7.135025341614581,20.465816418798315,1,2328.412708811398,4,0.046470843498053194,12.639885645009095,0.7496004347001306,0.18255436399685424,0,[]
S1265,3.351921544385511,1,0.38430877452984313,0.7268370470817531,2.5041881032409914,14.044624239030911,0,3866.9052389112485,1,45.161181367235365,34.08849564806696,2.23009823533733,0.5345152009768633,0,"[""Low assignment completion"", ""Low GPA"", ""No financial aid""]"
S1266,3.24253935248817,1,0.49324586331947673,0.4669022394143213,6.897541687224924,17.375257661241665,1,4574.829325389843,1,1.2308991920619294,1.6373577749738155,4.078959373715469,0.3820044896752129,0,[]
S1267,3.256210209967773,0,0.32100532870013365,0.4978160211594099,9.925683554510549,2.560240094529745,1,945.6955001149231,1,10.472788475475554,1.986459658388755,3.477824030488872,0.33304080182146906,0,[]
S1268,2.398727878049388,3,0.4916291811207752,0.5598927429283517,1.6540378444901465,1.2902085560081844,1,4611.837423350515,3,20.813139034395366,24.94076780696618,0.21645561346983588,0.7435261367870545,0,"[""Low GPA"", ""Failed courses"", ""Low assignment completion""]"
S1269,2.2339796106612333,2,0.3,0.38099062400147904,1.6937021075631462,20.005999816527652,1,3478.12326177029,3,17.828566297540956,2.5242547646218494,0.9177760647117583,0.6992052228685833,0,"[""Low GPA"", ""Low assignment completion"", ""Poor attendance""]"
S1270,3.523402888696284,1,0.4939401001438548,0.45294592342957674,4.063420834000074,24.699282894621536,1,3053.853653425193,4,45.586293845638785,12.984366740406461,6.809532914035762,0.43826195271693236,0,[]
S1271,3.525283486697952,0,0.3564187274319982,0.5111687294361152,8.797478628262079,23.460460047989017,1,999.2063564096976,3,2.0144472867271057,26.91023944987696,8.793244633625607,0.32363909429582705,0,[]
S1274,2.7783559971523446,0,0.417982977035374,0.5559171191193113,1.6165486596428162,20.641333315080416,0,3257.5784166444623,0,46.58489868405844,11.254024874153664,2.5509343283237937,0.5318431475329639,0,"[""Low GPA"", ""Low assignment completion"", ""Poor attendance""]"
S1275,2.753790736717999,1,0.33054283039961807,0.6773349359727607,7.868397621330004,7.256666506624379,1,1053.907246773441,0,31.01856260618605,18.303013290017272,7.678763636337114,0.4649393272545892,0,[]
S1277,3.124909826944413,1,0.659307513710403,0.5843289961052318,7.833238597547585,25.147960786371147,1,4282.467013812868,3,4.18624689226742,31.32000925388808,5.883656892176567,0.3990256272312086,0,[]
S1278,3.2549171931442586,1,0.399053408666736,0.5394035357251669,9.132470599121156,21.281489012621726,0,4175.3297272751,3,19.29697554684637,30.0061291772605,2.1266428651134284,0.5233243833279384,0,"[""Low assignment completion"", ""Low GPA"", ""Poor attendance""]"
S1281,2.3449878921288394,3,0.3,0.5721332963971562,1.5318450107042794,22.08601275182286,1,1590.2478627545936,4,7.568558563163746,4.5694855436558335,5.926960666428778,0.6765142022004305,0,"[""Low GPA"", ""Low assignment completion"", ""Failed courses""]"
S1282,2.43895738159986,1,0.4855591933468285,0.5719863008531249,9.089626493622227,9.90728338009216,1,3747.130029904043,2,7.594308616831514,10.214134009156059,8.250353191428001,0.521964639778709,0,"[""Low GPA"", ""Low assignment completion"", ""Poor attendance""]"
S1283,1.7349548496021725,0,0.30182695201790166,0.3006535379571888,6.856916928028726,27.181976570590958,0,2155.562025485025,2,16.427907494289922,33.11905854009006,8.583304317809247,0.7653627644696382,0,"[""Low GPA"", ""Poor attendance"", ""Low assignment completion""]"
S1284,2.945700352490435,2,0.4821822568873113,0.7293387143997357,8.868040517245163,8.000255899859328,1,437.7433201389031,4,2.723302368341879,15.119761545046124,4.636220743434498,0.43571288938308866,0,[]
S1285,1.5898556844918552,3,0.3,0.3847207131980559,1.001695596009237,21.745694979450512,1,1414.0056533524987,3,9.122902032624502,39.24726235175369,7.842712993067169,0.8947334525018557,1,"[""Low GPA"", ""Low assignment completion"", ""Poor attendance""]"
S1286,2.6639950453311503,1,0.3,0.5660101322605877,2.5217296332039325,26.32941058952344,1,2092.9114276574455,4,48.26048192728676,18.650131261113415,9.468801963410236,0.6020263745239325,0,"[""Low GPA"", ""Low assignment completion"", ""Poor attendance""]"
S1287,2.8566115867689414,2,0.6196495977451761,0.4069678069724893,4.507834486838428,1.2497045514804728,1,1462.58212738126,2,21.40919699335864,31.677424918550564,2.7517011248806797,0.5699501419121631,0,"[""Low GPA"", ""Poor attendance"", ""Failed courses""]"
S1288,2.216353130320711,3,0.4976199665897526,0.4227193129804623,4.415526130372467,11.929427387761084,0,1661.027854736608,3,31.600960421121822,16.092281655294876,3.979603463807572,0.7889488959523322,0,"[""Low GPA"", ""Failed courses"", ""Poor attendance""]"
S1289,2.977083151422527,2,0.5748850662129884,0.5681790421886679,3.040573446311596,22.86927096065816,0,1468.8795308719539,0,36.30556296723185,16.998140762497215,9.314789925966807,0.5327157613704009,0,"[""Low GPA"", ""Poor attendance"", ""Low assignment completion""]"
S1290,1.5762506248476236,2,0.3,0.3,4.4345074588048,13.647566685227613,1,207.4958359153972,4,18.348070350360025,15.31532589136734,3.3823096731728484,0.8109699080070124,1,"[""Low GPA"", ""Poor attendance"", ""Low assignment completion""]"
S1291,1.593370471873036,2,0.3,0.3,2.1596384080022935,8.01757889380786,1,3185.4735041222125,4,7.361353720525848,28.76302482043247,9.138762903217962,0.9184945655190803,1,"[""Low GPA"", ""Poor attendance"", ""Low assignment completion""]"
S1292,3.556501401649146,0,0.6626785658090184,0.7938048824633219,4.714850163394234,6.594160464695701,0,2986.4621017673467,3,10.329050811089042,21.90071536239978,9.810448622544657,0.365854810606245,0,[]
S1294,1.817651281629712,0,0.3,0.3796295701371161,5.311630567930161,25.713886795688467,1,961.5494801681374,0,31.80342101761128,10.03561266136419,8.168902895041683,0.594577283932494,0,"[""Low GPA"", ""Low assignment completion"", ""Poor attendance""]"
S1295,2.8056081501370107,3,0.5942928752778276,0.6906790936265628,1.1620008005069349,17.26066209754668,1,1478.2727080624263,3,19.91402745445272,4.022509283337774,7.495455642210852,0.5251000127319752,0,"[""Low GPA"", ""Failed courses"", ""Low assignment completion""]"
S1297,2.039552568742108,0,0.40202999021996955,0.33828028999315807,1.2445751448175975,11.477409707119063,1,2998.1378422996067,4,26.170359253373594,24.66850830587104,3.069310729812326,0.7132154951345548,0,"[""Low GPA"", ""Poor attendance"", ""Low assignment completion""]"
S1298,3.0572261895475004,1,0.4059207321748088,0.7162646443498772,9.696190696361183,11.032009524153297,1,2531.651546771339,4,46.0756695953709,34.4319574766198,0.5709433790794372,0.47535768138912343,0,[]
S1300,1.6292043029215193,4,0.3,0.3,7.3691949369755685,13.06522876416572,1,4564.65502387345,3,41.260568562981554,26.151470044978463,6.669359852039066,0.9762286524515968,1,"[""Low GPA"", ""Failed courses"", ""Poor attendance""]"
S1301,2.82838657892037,0,0.4576798393097615,0.5759678465512016,9.754986906028773,9.962980961794093,0,1698.851211494219,2,39.752900880306555,14.007947240928761,1.0252919822780138,0.4767435241359371,0,[]
S1302,2.8515878040252662,0,0.6557724467626018,0.4943169991830438,8.434351464999146,10.254111164765476,0,2278.095782186258,2,16.186541280521183,24.688783319778324,0.11917982978242092,0.4607770010366764,0,[]
S1303,3.0935747537455165,0,0.34423455691711446,0.5424236474551882,7.293838376135833,22.17079673363876,1,3390.5691547710435,0,38.2596916877196,35.392317881226035,1.3969237260293865,0.41728453583556013,0,[]
S1306,2.790750870752988,1,0.5923275705700202,0.4300399830144227,6.592100475281766,17.119488716428044,1,2178.2239522825494,0,32.07842833424972,39.73060785718986,9.830646996148204,0.5061492886235126,0,"[""Low GPA"", ""Poor attendance"", ""Low assignment completion""]"
S1307,2.307391182353115,3,0.30460723061806677,0.44075882508374953,6.032663261463938,17.04277537013602,1,3972.4040892675307,3,1.2784899544867334,34.74228112997843,4.939791491401879,0.7595172105519157,0,"[""Low GPA"", ""Low assignment completion"", ""Failed courses""]"
S1308,3.487965486921759,1,0.774366667843001,0.769338169044665,6.654142994169533,19.89022038425328,1,1390.6457774330622,2,39.39850667954658,22.585594315848077,8.693523009923474,0.2622551613457554,0,[]
S1309,2.1770806281551858,2,0.4228493707586033,0.4554832168597928,5.794082980853995,16.451461085869617,1,711.2761988840771,4,45.16240525475653,20.665103674171014,7.36826455751504,0.6928347549273005,0,"[""Low GPA"", ""Low assignment completion"", ""Poor attendance""]"
S1310,2.5974285517640903,1,0.32673619741636273,0.4303215462526141,6.715801953187469,26.377653445391537,1,1565.8160091488853,2,13.370763923605383,11.38401529218724,5.010402369846034,0.50715131473262,0,"[""Low GPA"", ""Low assignment completion"", ""Poor attendance""]"
S1311,1.6961409533556648,2,0.3,0.31973315921578227,5.0485798717530335,20.267402758507796,1,4247.671077439507,3,40.61953620930755,20.688377107741175,5.727605329550868,0.8507744626157555,0,"[""Low GPA"", ""Low assignment completion"", ""Poor attendance""]"
S1312,1.5633768585386438,1,0.3,0.3,2.965988645949764,16.408897541141645,1,444.9485742817333,2,4.12029859309741,33.92725993119789,1.3722714661687108,0.7608474631404235,1,"[""Low GPA"", ""Poor attendance"", ""Low assignment completion""]"
S1313,3.906621036694813,1,0.9523726134344441,0.5252731690085837,2.0822250386050807,24.892893608629347,0,4958.480366862259,4,29.9983929130533,27.406980531111223,9.376614606165921,0.3994061890699163,0,[]
S1314,3.5899503012805147,2,0.37069945726593356,0.8036287434422078,1.6150684197903435,18.18439694800439,1,2705.0144946383125,0,24.28234326671386,11.601761127119463,3.519297707317768,0.35863389272864277,0,[]
S1315,3.239935515234245,0,0.6602583335683792,0.5172805810908534,3.3698420537788008,8.73432743355537,1,4924.22871983547,4,27.29617666545,8.058556842141318,4.461492564571695,0.42409106881568165,0,[]
S1316,2.5223823610356746,2,0.5544413816496077,0.38004858721342766,1.4151120790216045,6.212847545297136,1,4694.982110429888,0,46.310260094217256,10.608341479873165,6.716602309978987,0.6664045499556444,0,"[""Low GPA"", ""Poor attendance"", ""Low assignment completion""]"
S1317,1.9332358001771144,2,0.3852489925668064,0.42626795134169926,6.104537019274471,4.569833569880364,1,2264.068571054584,1,43.565762362342674,6.790368055713061,3.3390247152655395,0.710856090497962,0,"[""Low GPA"", ""Low assignment completion"", ""Poor attendance""]"
S1318,1.8910926066777152,3,0.40078848367316333,0.3995473005017833,3.5544560232116824,26.98365637638305,1,992.4553730267455,4,39.25418286198785,3.8256278409486377,2.542591609889305,0.742377216541866,0,"[""Low GPA"", ""Poor attendance"", ""Failed courses""]"
S1319,2.125607245411488,3,0.4067723665327047,0.449246156782481,8.420813272783288,21.304062953941976,0,824.4238828256922,4,13.68492288391855,16.7654469776822,6.310493932702206,0.757645856240696,0,"[""Low GPA"", ""Failed courses"", ""Low assignment completion""]"
S1320,2.873066661765301,0,0.4554245984540447,0.44826142649789813,1.668167856895478,28.12135314492962,1,1199.9468193497876,3,45.59093143430458,4.531984175930708,0.2498408228184945,0.43150361691757566,0,[]
S1321,3.286489806750156,0,0.4698644572492563,0.5107821505099305,3.0371634490733737,18.09875417144829,1,3550.6632028226863,2,4.875384623193763,6.876502309084174,7.207251120266789,0.3749588836635692,0,[]
S1323,2.199834742364857,3,0.41394956616336825,0.33332246057870746,6.3892746674514225,1.7914946691266798,0,1707.1263480214916,0,16.40800361768039,6.583970947982989,6.057537305209344,0.7710506039080485,0,"[""Low GPA"", ""Poor attendance"", ""Failed courses""]"
S1324,3.887163201657985,1,0.8207259652364848,0.8054426493027154,1.5804214412425077,20.149268446380894,1,2243.894019973074,3,2.6886155830991685,2.555190697236114,6.318801592468851,0.16985213889567033,0,[]
S1325,3.344742291739421,0,0.42477042810127147,0.7786967441689807,8.895155114459804,17.466262793046933,0,4566.163402107281,3,33.467849212037414,12.695554001115408,5.270501564925637,0.4103554495252503,0,[]
S1326,2.885885131278502,2,0.6336051490206391,0.6316282070747707,8.895355865435615,29.706266807628644,0,946.9670894242305,2,11.563996415797773,8.8127639448787,5.82533777440736,0.4303828958519251,0,[]
S1327,3.0293018655858805,1,0.60364836047885,0.6872969832418581,3.9736720348819645,7.174763333467292,0,25.132763049015573,2,12.178556293231596,20.61220751977507,6.837882008898745,0.4637382381286111,0,[]
S1329,2.1193274737528935,3,0.32330206510648274,0.4537449091236254,9.901255225151566,19.52872005354218,1,4523.831708400589,1,3.1842383751258363,30.070831507319124,7.274523912861205,0.7230273036918928,0,"[""Low GPA"", ""Low assignment completion"", ""Failed courses""]"
S1332,1.5359837215743897,0,0.3,0.3027247376020874,8.543369651967321,23.307840309816765,1,885.9625050559555,2,22.27047605528934,21.31308149605577,4.011479694917975,0.6659905188903197,0,"[""Low GPA"", ""Low assignment completion"", ""Poor attendance""]"
S1333,1.7901816012672906,4,0.3,0.3,3.5676130452158477,6.149436285804493,1,1471.3336831855718,0,4.212768870898564,34.4267128715554,9.477960660144571,0.8958180591466267,1,"[""Low GPA"", ""Failed courses"", ""Poor attendance""]"
S1334,1.6150066050543819,3,0.3,0.3,4.862643340567212,21.768816008232477,1,573.9846362564004,1,34.13263025220995,27.7967351912603,3.9659057438632974,0.8267473212588057,1,"[""Low GPA"", ""Poor attendance"", ""Low assignment completion""]"
S1335,1.6018220057974253,4,0.3,0.4167596938707835,3.4099900793950075,18.592037142992677,1,4707.6645514222055,4,11.781142559582419,0.42204489800759415,1.2487007690592267,0.8947702284376067,1,"[""Low GPA"", ""Failed courses"", ""Low assignment completion""]"
S1336,3.638651460027518,1,0.6455456117386307,0.57014941047782,8.102447619298584,26.8822533538372,1,3921.030871826334,0,47.178707201758854,15.763606110980124,5.254451263621796,0.2771965608781885,0,[]
S1337,3.259144648450059,2,0.3255181789033276,0.46610372026414715,6.160144110716962,25.415833171007453,1,2311.9558845627034,0,43.56258136993263,34.038075976272005,1.0949097255446216,0.4905220892844308,0,[]
S1338,2.685434572718313,3,0.5548769655196109,0.485512265892137,6.929425631260635,9.454411173976599,0,4324.81302557601,1,14.472044748410411,13.834354319010771,2.028532387278652,0.661356379536704,0,"[""Low GPA"", ""Failed courses"", ""Poor attendance""]"
S1339,1.7445854016275038,4,0.3,0.4106144040729372,3.270765248554659,8.287119749254593,1,1247.2910214661615,4,39.160772732833934,1.40860694102094,9.983187565709567,0.9024550546362744,1,"[""Low GPA"", ""Failed courses"", ""Low assignment completion""]"
S1340,2.729039687792081,2,0.6100576208472464,0.5497724019203429,2.982027712395836,29.449599715573434,1,3585.6028423609678,3,40.16224523324031,29.84718554209089,5.4136263839613195,0.5683082137870256,0,"[""Low GPA"", ""Poor attendance"", ""Failed courses""]"
S1341,2.6836794269514144,2,0.6191216171870487,0.574963203874663,5.395371660846449,15.817955427457695,1,4280.662495068717,4,49.32815570572052,32.08153081131474,2.8405838904042904,0.6142518625420322,0,"[""Low GPA"", ""Poor attendance"", ""Failed courses""]"
S1342,1.933004674775038,4,0.3,0.3,7.638091741835441,27.192628917433105,0,1783.843558116363,2,29.891999342284247,6.423747801732342,9.947749545739061,0.8725956365648364,1,"[""Low GPA"", ""Failed courses"", ""Poor attendance""]"
S1343,2.5846291230949325,1,0.4088582762414254,0.5345046416717152,5.727157817681442,4.916430713414465,1,3787.322227253588,0,4.09828673218311,21.493619873727248,9.665589185551433,0.5569011586515893,0,"[""Low GPA"", ""Low assignment completion"", ""Poor attendance""]"
S1344,2.4962618359934337,1,0.3,0.42292643098699956,1.2938110979110173,19.28456744400523,1,1475.361746321547,2,32.34186144631905,7.67821755982903,4.407390410842636,0.5967724964132659,0,"[""Low GPA"", ""Low assignment completion"", ""Poor attendance""]"
S1345,3.039625245130541,1,0.5548984952317012,0.7057574455251798,8.816963556882598,24.295805620817585,1,1494.285676295154,3,31.24898741880176,28.76937676176587,2.604031087879084,0.37020057743185,0,[]
S1347,1.6132600244301112,3,0.3,0.3,9.602420353486771,10.120204230510705,1,2200.2902325469936,4,15.357282405210576,12.648604902533203,7.156207169717858,0.8546867645784574,1,"[""Low GPA"", ""Poor attendance"", ""Low assignment completion""]"
S1348,2.436531536566178,2,0.41326495431350546,0.332568987372221,1.2262776244954545,21.749435097721573,1,3648.559532487111,2,42.983979254016646,33.798834145604054,6.869414350035104,0.7407237933465982,0,"[""Low GPA"", ""Poor attendance"", ""Low assignment completion""]"
S1349,3.064649789285591,1,0.39512374654666416,0.40428934160298036,7.250054105176379,16.164390271188573,1,4701.104027856425,3,47.973609147770595,19.052894088276172,8.931137413224725,0.5693557886404,0,"[""Low GPA"", ""Low assignment completion"", ""Poor attendance""]"
S1350,2.7578406464502194,1,0.3238119292509818,0.48128332624367887,1.7398635734060348,1.8188677819940458,0,3018.9849596454806,3,10.885625648907576,26.790178048729913,6.894171338713246,0.7184183247313796,0,"[""Low GPA"", ""Low assignment completion"", ""Poor attendance""]"
S1351,3.6412246029708055,1,0.7114589775112181,0.5784268190311956,9.196089214916256,20.699992119268302,1,4315.677688678695,3,4.407607906832222,16.094922028898708,2.8379794304154915,0.273104171798101,0,[]
S1352,3.146734079047363,2,0.4532685119095045,0.6544987491111807,5.179899126029885,20.702896747135302,1,4112.473246451135,4,9.726751658424204,11.920274287750217,6.938631618757323,0.4879606718571636,0,[]
S1353,1.9073360677035742,3,0.31226236160005827,0.3731546968175369,2.2377139733531384,27.91820414539611,1,866.7152648764043,3,41.02760696278594,25.019122416986455,3.0581351128366396,0.8002408753840752,0,"[""Low GPA"", ""Low assignment completion"", ""Poor attendance""]"
S1354,1.6764218685010746,2,0.3,0.3,4.067341298108619,14.919373385069171,1,2429.0871445631574,0,33.83223174099238,6.194302963152851,7.59238979656995,0.7777845776420614,0,"[""Low GPA"", ""Poor attendance"", ""Low assignment completion""]"
S1355,3.106048195515789,1,0.7426545059012517,0.45133530672948985,2.4834220781208582,6.90752762131544,1,584.6176776269574,3,31.802367116956333,14.91999342267452,6.1974785449156595,0.4389561620775855,0,[]
S1356,1.5662782763540546,1,0.3,0.3,2.5352372040138103,1.3369147034603746,1,3410.765807808175,2,20.089656755471225,8.361481495436891,0.7741155198475058,0.8112446742478374,1,"[""Low GPA"", ""Poor attendance"", ""Low assignment completion""]"
S1357,2.964438953183658,1,0.4819481256123499,0.7006138359531807,9.53297488154298,12.46926560057717,1,4749.49834123038,2,28.891398575571785,27.83179867762982,5.128353624351421,0.46221413373070513,0,[]
S1358,3.850575603562394,1,0.7744567375377037,0.5994422708129508,5.007215010563094,9.057501002325054,1,685.4472903937825,2,15.393706263718371,37.768353533844305,3.4330096919574093,0.26606749514436984,0,[]
S1360,2.4704248155163047,3,0.5630402038956948,0.5729933325121382,6.7564500505991365,10.628032945231398,1,3161.190754339305,2,39.653151418532794,18.01107241766363,6.022563023772572,0.6350597454383452,0,"[""Low GPA"", ""Failed courses"", ""Low assignment completion""]"
S1361,3.108220546105883,1,0.6251008327462788,0.6343121095648852,7.0878372610455305,28.47213588944532,0,2918.025185040499,4,49.062079872773104,10.10121558545778,3.2232482446942488,0.4583473348864019,0,[]
S1362,2.6456322262287917,0,0.4930150994280157,0.6275583890673111,2.1852409462483466,28.86930608963353,1,1950.6011734416961,4,46.62444617949009,17.713174815372966,7.7689374820487265,0.486396313464522,0,[]
S1363,2.8640419732898375,0,0.5825303528831637,0.5063927618469046,3.1076600213393712,18.627257706531243,1,1775.6582387690628,3,46.69329714231244,33.890776398508955,0.7079143601117444,0.47078545158460294,0,[]
S1365,2.465256594501936,1,0.5387307902775405,0.35788208337279914,9.736895858273046,22.82563033543487,1,1089.5435412600673,3,23.439494025339545,38.08382606611695,8.091948036567413,0.5588363115790481,0,"[""Low GPA"", ""Poor attendance"", ""Low assignment completion""]"
S1366,3.9029764095597854,1,0.8118987188821595,0.5382426242804449,3.3640807833878656,16.405789229253784,1,75.88441143413449,3,35.28176981844908,13.67463075192604,6.728316899204301,0.2456506025434002,0,[]
S1367,3.7633766048901593,1,0.7932139425593943,0.7822478290544057,3.4441188827593585,5.409238062683343,1,2907.085527910103,4,46.109596402564215,39.4321463780122,4.972291950199957,0.35474023650324876,0,[]
S1368,1.989477836973241,3,0.3,0.5026829624470384,5.256074195298144,13.7579383054152,1,529.2661793895443,4,7.0997129676042325,33.54435550135849,9.503070137361812,0.788841271874483,0,"[""Low GPA"", ""Low assignment completion"", ""Failed courses""]"
S1370,1.7519450034435666,4,0.3,0.3,3.4206305124382395,25.918847422050305,0,2615.715103485826,2,6.962342229705476,12.716186950931343,0.19167887524977778,0.9095221304812224,1,"[""Low GPA"", ""Failed courses"", ""Poor attendance""]"
S1372,1.736107401889821,1,0.3,0.4407552861737146,9.023320140611562,26.9302401803387,1,2054.2854592024823,1,15.315049844376876,15.285316353039512,0.3301193590032725,0.6103026415800527,0,"[""Low GPA"", ""Low assignment completion"", ""Poor attendance""]"
S1373,3.207516933540892,0,0.4094462998473227,0.5073659056869831,1.026289293592258,20.230469370704068,1,2802.8990450052434,1,16.305392625628674,12.072374786507748,9.539367525264087,0.4123163926824504,0,[]
S1374,1.6779716211505724,3,0.3,0.3942738193014011,1.357893684897126,4.109971891610141,1,4713.295884833153,2,3.545797974398962,1.4958796163518917,2.0991804574805153,0.8617208603925092,1,"[""Low GPA"", ""Low assignment completion"", ""Poor attendance""]"
S1376,3.6121882774236362,0,0.8599837360487461,0.6781315889776529,9.166421482415624,15.816979822617379,1,1269.6888596184808,2,43.124825370079265,16.121252451309466,7.745720831743649,0.1764464130727701,0,[]
S1377,1.5581798393395647,2,0.3,0.3,3.149709943617349,11.755748892272367,0,3899.9416345527216,4,11.653640594541748,25.382258709660988,2.1772889968293354,0.9701714957532063,1,"[""Low GPA"", ""Poor attendance"", ""Low assignment completion""]"
S1379,2.2046369369335,0,0.46224880067186,0.3491406961486518,5.0541877149203644,3.2667994194311722,1,378.30551952055424,0,31.48141724692963,4.829865435867204,0.48078968486450213,0.521926035630946,0,"[""Low GPA"", ""Poor attendance"", ""Low assignment completion""]"
S1380,1.7954120690541406,2,0.3,0.4448560488000553,5.256742114859591,19.09615940260063,0,1807.7069937701929,3,43.174230418455764,39.0786218450649,4.835745857038675,0.8820964416189422,1,"[""Low GPA"", ""Low assignment completion"", ""Poor attendance""]"
S1381,3.241842913410377,0,0.7047761582752785,0.5933341196413742,6.602677261567707,14.947080014978189,0,460.8397923621616,2,6.614397382551912,7.477257177657877,0.14647127272486737,0.30035314938366603,0,[]
S1382,3.0723571169497097,2,0.4550236123639527,0.731679707919658,5.2276938669161535,12.200222099957493,0,2925.3922110310154,2,48.87949801725216,17.810960990588182,9.211438801808418,0.5840606327311286,0,"[""Low GPA"", ""Low assignment completion"", ""Failed courses""]"
S1383,3.6936800338176323,2,0.5423734266862298,0.5122032212283825,5.02721327190212,28.590600635366975,0,1131.3762540829991,3,29.13143230201828,19.524701737349396,9.760860241995717,0.454255308201268,0,[]
S1384,3.3376776095097145,0,0.8035368812878305,0.8361121278470824,5.268595783881345,15.676191501961597,1,4478.489815996862,2,49.77370761734072,32.52251188856481,2.222827666385853,0.29451989121492195,0,[]
S1385,3.5087023259621213,1,0.44891160501047067,0.6365473384183069,6.317806971439373,6.573524384098153,0,3917.5004042262835,1,45.57573629329254,3.9691838437858706,2.081060345963728,0.4497312896082694,0,[]
S1386,2.205086431428266,0,0.4058565455278049,0.3,5.833067395162225,13.76890438131896,1,3498.526030497381,1,11.07586360565529,17.14577116834127,7.537201765621297,0.6024730665606796,0,"[""Low GPA"", ""Poor attendance"", ""Low assignment completion""]"
S1387,1.943598859449307,0,0.37875995186856304,0.3,8.687223978854538,27.58162213718018,1,3084.7201369225095,2,2.808100495165655,25.140086809448157,2.5337939882933447,0.5930376466623172,0,"[""Low GPA"", ""Poor attendance"", ""Low assignment completion""]"
S1389,3.51708684816816,2,0.6937570256286061,0.733377357643042,8.499853643257111,6.418711160647107,1,1115.3103077137844,1,26.378182449970993,25.098715950642912,5.739291361229823,0.3147782161561779,0,[]
S1390,3.9762628550016834,0,0.9644767949813626,0.8959319869400931,8.595321513505517,0.39088703271251246,1,4365.544213821138,2,8.5798183532595,36.94659350198611,3.5077762301031212,0.13316817224360591,0,[]
S1391,2.531544192278566,3,0.3,0.35790176198843693,3.5641721937786475,0.4257014818730154,1,3947.4614921202615,2,8.372987225899426,39.900725246907,8.3269374634942,0.8173844339915901,0,"[""Low GPA"", ""Low assignment completion"", ""Poor attendance""]"
S1392,2.430045214481958,0,0.5255173225633593,0.322689500904311,5.165667595142656,24.881748808755376,1,3740.804131938428,3,23.129677355257655,1.2980430716270286,4.934067004133952,0.5195790976731577,0,"[""Low GPA"", ""Poor attendance"", ""Low assignment completion""]"
S1393,3.441032401854992,0,0.6384081855381258,0.6531000116797313,4.94684639683692,21.963678205288673,0,2806.2783903746204,0,1.6633985584679212,9.4235291297871,9.116329137084755,0.298086299568763,0,[]
S1394,2.3520088506325445,2,0.41467304626877466,0.41938825649481404,2.9665885091871727,10.651231693558747,1,1231.2208048530003,1,6.094404126613523,12.412284631667898,9.28014236729381,0.6291617049875571,0,"[""Low GPA"", ""Low assignment completion"", ""Poor attendance""]"
S1395,3.826893314008912,0,0.7305529606405291,0.7006047336192459,4.5711716237768485,20.94933471682718,0,2117.7395799594815,3,20.793066970397376,15.965044017798643,1.6542015212840933,0.25523319450799764,0,[]
S1396,3.6460318796075297,2,0.5218863349836687,0.911199147753148,1.3994899495376898,11.856177789299107,1,3967.853272694008,0,3.156495460398323,9.690286303390696,0.023234061319302723,0.294283918839959,0,[]
S1397,2.5724850684375458,1,0.5769569715434799,0.6477819799212203,3.50039865503561,28.586903879934827,0,158.8924217866222,2,19.837752822776466,8.139519782212501,9.839309401424023,0.4921406628598731,0,[]
S1398,3.377177669478743,0,0.7995289647035917,0.8259916071241691,8.350139579056464,29.011580442781046,1,3910.253846318791,2,23.700313297422255,38.1821536967,9.061375361274793,0.233502155880882,0,[]
S1399,3.386357185211706,1,0.6419908972907004,0.7605642694264929,3.561060715866078,11.783813274280302,1,1200.3537024378325,3,22.56333070365572,36.740864110820716,0.5544523570384141,0.3532681977046917,0,[]
S1400,1.7578096720898315,3,0.32382239856545036,0.31288321686996656,8.36386001873423,25.62665719022604,1,721.5460036080151,2,43.45874287015437,1.8797000401246988,8.330342639410699,0.7500643887381113,0,"[""Low GPA"", ""Poor attendance"", ""Low assignment completion""]"
S1401,3.7563822666989166,0,0.7150112457427098,0.6647830487687898,5.784395181439878,23.192671250923986,1,578.5065909015108,4,26.503122752586624,13.552520864193927,4.578049325592066,0.18789894371299423,0,[]
S1403,3.566143665269354,1,0.6997343944235318,0.8199645518199448,6.173015988379737,6.961194867033179,0,2617.9324261072643,0,20.53546226958331,9.560581386637734,8.787465236769298,0.3149823528734162,0,[]
S1404,2.3001240025765295,1,0.383489065349114,0.31635490120278353,1.2670140075826584,13.747039511785015,1,1091.2993634686475,3,40.88116891522431,25.15491587952702,1.9666723239030726,0.6892568563344522,0,"[""Low GPA"", ""Poor attendance"", ""Low assignment completion""]"
S1405,3.738808071240501,0,0.7030146349028168,0.6675066608523934,7.078781867923803,23.440465218432188,1,4947.1588288981575,1,44.75283019999166,25.615229865769642,9.47299999420067,0.25764780467644555,0,[]
S1406,2.473004196835408,1,0.49819528682854564,0.34293051630553517,1.403682112212118,28.80503354186236,1,2872.183779361029,3,42.66212345985588,34.02016913314388,2.056214876993411,0.6372558502299573,0,"[""Low GPA"", ""Poor attendance"", ""Low assignment completion""]"
S1407,1.527094128700746,1,0.3,0.30785611662528445,5.055373170848206,22.907372065997176,1,689.4263467800521,2,33.67732890656954,29.634770735408715,6.1368318772874355,0.7692515814578459,0,"[""Low GPA"", ""Low assignment completion"", ""Poor attendance""]"
S1408,3.7634549410481593,1,0.3963398664049443,0.8955493391201272,9.364840250258027,25.6562095505511,1,3443.8127040568265,2,6.868087298433712,21.702933078638225,2.2308633452897486,0.22270024890310455,0,[]
S1409,1.728216691965334,0,0.3,0.4053121224682348,2.4868354540406514,18.091929185115497,1,4488.717832548627,4,13.843498474600613,26.143470801776797,5.456686649686348,0.7639268101614449,0,"[""Low GPA"", ""Low assignment completion"", ""Poor attendance""]"
S1410,2.2982840939760374,2,0.34717948911711916,0.36318853212867186,4.508851176473897,25.062234925263777,1,3725.8974768480716,4,2.3031531840988717,10.959551261720723,6.839751299151413,0.6873346233823097,0,"[""Low GPA"", ""Low assignment completion"", ""Poor attendance""]"
S1411,3.8751549176270124,1,0.8057107933942945,0.9583922959530246,7.568742779636306,23.532625740102528,0,382.19930519723835,4,46.541203749505705,23.722247598694306,1.9022793082013756,0.21595278757257788,0,[]
S1412,3.8765178673438903,1,0.7298296255861735,0.8089686410589199,8.940327004853629,11.309566257788402,0,4479.420905963298,0,33.03992648454552,19.56909018999677,5.208857827006792,0.27914609710365607,0,[]
S1413,2.933594720308215,1,0.5542349584663143,0.37591079769259583,7.038487042682571,16.559709063621632,0,3969.6469292998236,4,37.31814421566207,5.333778692654816,4.69059744390119,0.591539741902276,0,"[""Low GPA"", ""Poor attendance"", ""Low assignment completion""]"
S1414,3.079593030424498,1,0.5103716566262908,0.4890477838222085,3.323559287720523,24.142593659690846,1,791.5195005280717,0,15.578586979111448,9.70177106331883,0.7103742140334124,0.3532226363949024,0,[]
S1415,2.621113804945799,0,0.4723715461257607,0.4217510301382623,7.071470676245945,1.3817020256986912,1,258.9294436640843,4,42.28267611386712,11.667738028863441,8.183078176753028,0.5344784277360052,0,"[""Low GPA"", ""Poor attendance"", ""Low assignment completion""]"
S1416,2.2330269292451614,2,0.30184016675647524,0.30790592534343875,3.67054876993681,24.242378470674897,1,2786.5528765715426,0,12.980164185423925,36.97238268210232,3.3568240064284174,0.7021778562282065,0,"[""Low GPA"", ""Low assignment completion"", ""Poor attendance""]"
S1417,2.32166136342479,3,0.36156252557816526,0.585202951085385,7.465863068368617,5.336643721470703,1,780.1790566998845,3,0.08218785562248421,9.215465575435577,5.745821975518796,0.63420295112821,0,"[""Low GPA"", ""Low assignment completion"", ""Failed courses""]"
S1420,3.478947609314621,2,0.5638745316705085,0.5784345258337829,8.765924526211712,7.614632344700846,1,4564.462223682877,0,23.935242898276126,26.54970954501548,1.0722239420848745,0.40426460542150155,0,[]
S1421,3.4740453569863847,1,0.36343211393929165,0.49159816671514156,1.0189345885829506,7.3742231791845905,0,2828.4408607050286,1,43.10380712882985,4.729535698885621,4.234820092493328,0.535186092172837,0,"[""Low assignment completion"", ""Poor attendance"", ""Low GPA""]"
S1422,1.7280152576217258,1,0.3,0.33520775733179625,7.4581491225843495,12.082931953867556,0,913.3619211983407,2,5.270264297808347,38.15780849975104,4.523667592065702,0.8065194570396907,0,"[""Low GPA"", ""Low assignment completion"", ""Poor attendance""]"
S1423,2.7360507617564536,2,0.3,0.38802016057113786,8.466288011787253,26.839283927329035,1,697.9943367990005,3,27.69117203168628,34.62284880379058,7.336428403644485,0.5994824783906677,0,"[""Low GPA"", ""Low assignment completion"", ""Poor attendance""]"
S1424,1.6438969000416108,1,0.3,0.32286306351057714,1.3650286379021328,0.013283443116236526,1,2882.3621877887695,0,25.648967491045372,23.088642920358005,8.400188319206984,0.8243178698943501,1,"[""Low GPA"", ""Low assignment completion"", ""Poor attendance""]"
S1425,2.873822205809339,2,0.41038364316807957,0.7006370653613578,8.844379545594077,27.04149289925805,1,3809.4180593122196,4,14.06964910860815,26.96151469699827,5.449822781000179,0.5082530935064374,0,"[""Low GPA"", ""Low assignment completion"", ""Failed courses""]"
S1427,3.7192604568957495,0,0.6412582500554854,0.7537920160767411,6.987628917802497,29.70259128202446,1,1378.7870222064064,3,37.64243279411031,13.557791013937948,2.3684947059654626,0.16478289178240557,0,[]
S1428,2.3772875313801967,2,0.3,0.35309222488342584,8.20319391121066,28.645409791154044,0,1021.2337945608374,2,36.64295936659155,31.826409226457677,1.6493402685273106,0.7109672527975196,0,"[""Low GPA"", ""Low assignment completion"", ""Poor attendance""]"
S1429,1.7926675410690147,0,0.3,0.3,6.963980617534199,14.8402556877385,0,83.78152246191206,0,43.8096239134778,3.0993189516954356,1.2461506318912474,0.6711014830923527,0,"[""Low GPA"", ""Poor attendance"", ""Low assignment completion""]"
S1430,1.8574792051320896,0,0.3,0.3,1.8305631286593151,15.381607434378845,1,3395.995756005847,1,36.13923003107606,11.292553368428809,3.6589929861780757,0.7044317758272312,0,"[""Low GPA"", ""Poor attendance"", ""Low assignment completion""]"
S1431,3.4037765792936807,1,0.5423536115401494,0.6848959521427914,6.366893669743315,14.446480208275629,1,382.8412921676949,0,11.592064585736322,23.411873133372453,2.2939350215438203,0.2742458410252157,0,[]
S1432,3.0455451582906528,2,0.38260457167686,0.42208914335636233,5.946252910499292,19.063309369785678,1,2103.806008829629,4,35.27813558248455,10.256521107957672,2.1830311181151227,0.5460755776126673,0,"[""Low GPA"", ""Low assignment completion"", ""Poor attendance""]"
S1433,1.7528066903069757,4,0.33529107696438537,0.3169418029953015,9.102891412668443,2.7216510670479312,1,3008.4108200914807,2,15.385140669492191,37.359118965780766,0.5469317457626766,0.8985867751033084,1,"[""Low GPA"", ""Failed courses"", ""Poor attendance""]"
S1434,1.7102670152874935,0,0.3,0.34913037278059145,4.638157566797883,0.9785384502469952,1,4685.544724598385,0,12.108732517373527,5.242345232171615,0.1767004479543388,0.691125524235101,0,"[""Low GPA"", ""Low assignment completion"", ""Poor attendance""]"
S1436,1.681907515910484,4,0.3,0.3,7.7486568799281965,13.330960477245432,1,1248.8608122325988,2,37.20142901738384,20.31794767625633,1.7219747942363306,0.8689559582038351,1,"[""Low GPA"", ""Failed courses"", ""Poor attendance""]"
S1437,3.5546501482258908,1,0.7945529556313722,0.5688217213579465,4.71407793475057,8.266438176584503,1,3270.800771430492,3,35.55004809749056,30.013231032798238,4.309837288482031,0.37878347206256757,0,[]
S1438,3.2656055678912406,1,0.6174308024192039,0.7942212872888852,6.814865575045567,18.661186871129814,1,3096.1951602679082,0,11.724973883704687,12.428613132457897,5.105202612988446,0.268148611449228,0,[]
S1439,1.7033719516047494,2,0.30026504939883597,0.376098189466187,6.818050811121463,29.77326868124337,1,1660.548916540623,2,37.468950836207796,20.57958409248155,1.4059191817336558,0.7281731441251961,0,"[""Low GPA"", ""Low assignment completion"", ""Poor attendance""]"
S1440,1.71209428521298,4,0.3093002744749904,0.3372859513746854,8.99235157924106,11.589695192293977,1,4640.509177548933,3,45.892044154677656,34.273413988927054,4.247833415241863,0.957808986050401,1,"[""Low GPA"", ""Failed courses"", ""Low assignment completion""]"
S1442,2.4356769893903008,3,0.4079933550869413,0.6221939493232771,5.519382489657882,12.468116877220064,1,1119.9127293254057,4,11.631831919338747,14.388794476410784,1.8342364349795603,0.6233864572725843,0,"[""Low GPA"", ""Failed courses"", ""Low assignment completion""]"
S1444,3.5319989181437563,1,0.6541832968864963,0.5845027013782838,2.041638460108348,27.067092103867143,1,2561.501734435403,2,13.725333675353912,28.694510121454677,4.670178665217417,0.33593064081713614,0,[]
S1445,3.8681214434596467,0,0.4022150176125039,0.9098941014110744,2.3888940875477145,26.3206683661578,1,3867.8605086536018,1,31.23319871418584,17.74253381994011,6.856517492651993,0.22793203871723497,0,[]
S1447,3.3834454631473543,1,0.631869388551325,0.6577718383668765,6.740893833972705,0.8255755542124588,1,3466.675768673533,4,22.610123955176935,11.797832961693683,1.3180682989667936,0.3877593918331084,0,[]
S1448,2.4406489638272895,1,0.42740059848330975,0.5118903449840349,7.668831252471207,25.19448486436593,1,3241.1794869104847,3,36.95457109964765,19.01854424676482,8.870427444469618,0.5737742684709679,0,"[""Low GPA"", ""Low assignment completion"", ""Poor attendance""]"
S1449,1.708751791746672,1,0.3139215066329029,0.3,5.769923706337768,22.5531651911728,0,1157.4004795649412,1,34.325697152162626,30.27710637365766,2.750247724877978,0.7952207198722618,0,"[""Low GPA"", ""Poor attendance"", ""Low assignment completion""]"
S1450,3.442867289818592,1,0.6692989822318198,0.8569310588698541,8.46115959290942,6.860832282010944,1,3406.765066206744,0,40.75360503379034,27.564843619830327,2.236126197926648,0.28373560696179856,0,[]
S1451,2.8960106243395125,0,0.6876220001299723,0.6424977180915222,9.921369040602698,28.689602801625828,1,4700.915956260413,1,43.87260633015844,34.545642096686244,8.570969396099159,0.37003531152536007,0,[]
S1453,3.76588596273684,1,0.5751440196391447,0.5571300469576628,7.253941363083633,20.38649781401725,1,1598.2602764603128,1,33.579387146946296,17.074333151803582,4.483464705246336,0.26739385373746416,0,[]
S1454,1.7779937057653783,3,0.3,0.3,5.79243429493432,6.746706504477374,1,2190.883583331776,0,1.5861245908015575,4.446035191332474,4.8923886142777455,0.7709624441740436,1,"[""Low GPA"", ""Poor attendance"", ""Low assignment completion""]"
S1456,1.5283841119185477,4,0.3,0.35660898704949023,1.759531424900881,21.574796908337067,1,4811.3072330457835,1,1.8848862457426396,29.075076245590864,0.783016704795575,0.9246871711482999,1,"[""Low GPA"", ""Failed courses"", ""Low assignment completion""]"
S1457,2.671651604985316,1,0.3400802758064795,0.43233194601004454,4.594318735552219,16.8997392609914,1,2220.5762324816615,1,40.40339085580113,34.96054685234863,5.73431825355661,0.5991440262653769,0,"[""Low GPA"", ""Low assignment completion"", ""Poor attendance""]"
S1458,1.6407581892045933,1,0.3,0.3339158615921748,9.191211731039209,12.825054939843351,0,3750.142060710956,0,16.03622622299788,8.828503437776746,0.9834492159021313,0.7609569516465348,0,"[""Low GPA"", ""Low assignment completion"", ""Poor attendance""]"
S1459,1.7970447906701799,1,0.3,0.4071827602342821,8.272203669158976,9.790152927959618,1,2658.305118822415,4,28.121468705896046,6.337921487596239,4.492745469566498,0.7202254692075819,0,"[""Low GPA"", ""Low assignment completion"", ""Poor attendance""]"
S1460,1.7938156169427621,2,0.3,0.3,2.944462285105185,25.18978967126371,1,2688.9146737068827,1,13.97226536594513,2.4882036610276392,9.404971985130107,0.7418685728107507,0,"[""Low GPA"", ""Poor attendance"", ""Low assignment completion""]"
S1462,3.3651121981635583,1,0.5128332838250032,0.46274958292053014,8.350508823026901,12.903086295894003,0,1084.7812293193977,3,44.325126332095124,12.455277595703373,2.393322865473586,0.4684489531426646,0,[]
S1463,2.958421912742899,0,0.5012123448412434,0.7369445417014969,1.6064609930697027,27.112727153254266,1,1440.0267296202057,0,19.9321247106532,16.06787571039106,6.241134200456544,0.319784007282503,0,[]
S1464,3.9054313711863546,1,0.6306649733317446,0.7273064179907275,4.486533271017934,25.375486513799032,1,2781.6400362853965,0,43.14611967554945,20.110007664384494,4.740762641078576,0.22105920030695508,0,[]
S1465,2.43717644880926,1,0.3,0.35954160734435997,8.666571131865528,12.0282528741914,0,145.775930110445,3,13.35375037281662,33.57812936838203,8.75685127586106,0.6989258793415036,0,"[""Low GPA"", ""Low assignment completion"", ""Poor attendance""]"
S1466,2.214280215704652,3,0.3311485969673618,0.38353729597924174,4.635080777531114,22.89325090803925,1,4536.244721782029,4,26.73304615377619,26.0333288624594,2.7143086427605323,0.8002439404733226,1,"[""Low GPA"", ""Low assignment completion"", ""Poor attendance""]"
S1467,3.671497820473651,0,0.4162688092153285,0.6509909785470043,1.6985318025829677,24.694824921265777,1,781.4185477488811,3,42.9380714919352,24.602585194312454,0.03702406832416849,0.3096863959388608,0,[]
S1468,2.0589895962986313,0,0.3,0.4695738577625049,5.882809316790263,26.666622720108894,1,1100.4433843569327,1,16.294067130789518,7.026883998236428,1.625612059314151,0.5079652437014113,0,"[""Low GPA"", ""Low assignment completion"", ""Poor attendance""]"
S1470,1.5303861867245407,2,0.3,0.3282657880895499,6.312569886578437,6.133826581641354,1,3550.5738316863967,0,6.093975089069181,28.61524068714621,3.157211297704886,0.8197055430565678,1,"[""Low GPA"", ""Low assignment completion"", ""Poor attendance""]"
S1471,3.9246970667690975,1,0.7807560881268006,0.5429717770865509,3.036511973928086,7.659272295117949,1,478.6452737219865,3,0.9137534861753116,38.93043532121967,7.913629191228859,0.29952651558395404,0,[]
S1473,3.727857784245178,2,0.7309790146364309,0.51115956849698,5.0511102506373895,17.814074424288464,0,4843.373027871786,1,3.432433307393612,0.3817341226890658,2.9955631961489724,0.3788657602513087,0,[]
S1474,2.8192527727157497,1,0.3931257285510207,0.56511730474598,6.213397184384742,0.9842887238582532,0,1311.7148339047285,3,49.59445979737458,3.01205734393879,4.577438171662134,0.5991017751316767,0,"[""Low GPA"", ""Low assignment completion"", ""Poor attendance""]"
S1475,3.982411990298251,1,0.6362786153683574,0.9346074052612025,7.834159231773517,19.08127406339905,1,1565.2507253157344,0,47.5698430989553,15.03409860727917,0.9555910395833522,0.11543649396069261,0,[]
S1476,1.684491411838497,0,0.3216934678464682,0.3185029681470315,1.8898625587657185,10.93062715284696,0,4182.492453090167,1,6.851045501816033,32.821785909839484,8.981464448201008,0.8510974520159467,1,"[""Low GPA"", ""Poor attendance"", ""Low assignment completion""]"
S1477,2.884635711003302,2,0.3,0.42505185519733346,9.006868297158096,8.857254074689266,1,251.07215845227626,0,26.87923128462829,0.2856832707298018,9.35424824448534,0.497394781526556,0,[]
S1478,3.9232563390477475,0,0.7368659241193478,0.7646727779404245,1.1107873271446804,26.384897121843792,1,2323.065844044854,4,9.246014873357217,18.26922371543361,9.79803535380938,0.19784398009921972,0,[]
S1479,2.807744610425372,1,0.5057740295369172,0.6466675470170242,4.330471012068298,13.800071867423968,1,1898.0838222583513,2,21.407758651505993,13.169224613655782,8.685528307858377,0.4618541791162562,0,[]
S1480,3.073496595338156,1,0.4724863700938584,0.6772117721645856,1.2467827897539188,2.8515913659807834,1,1582.9337995432556,4,3.071256462991634,2.099268403989103,1.7396088769622553,0.4399388896032483,0,[]
S1481,3.239371722461543,2,0.42673761194629567,0.768995229939399,4.5367680281076215,24.80240304078741,1,1428.4979702238227,2,11.196229389829476,18.009451466904693,0.46196483201628835,0.3700434487695925,0,[]
S1482,2.636352661919433,2,0.33431379965645425,0.4298381134355148,5.732313389859914,1.429237723095198,1,456.870524302046,3,18.163639819944976,10.189948293468753,5.79596727412674,0.6190199764093341,0,"[""Low GPA"", ""Low assignment completion"", ""Poor attendance""]"
S1483,3.0688952002101586,2,0.6877072432929632,0.4635733924490073,5.605132479233606,21.8024767250459,1,1574.1291467582441,1,21.932375012302742,14.075393373880258,9.126050268831104,0.4213737768731368,0,[]
S1486,1.6136159508536447,1,0.3,0.3,1.403006054542014,24.7436356883336,1,1991.1389697900584,2,36.87049721559731,4.985897159712533,8.054960460322443,0.7626769367247025,0,"[""Low GPA"", ""Poor attendance"", ""Low assignment completion""]"
S1487,2.2024079739805758,0,0.3981510715046167,0.49533030981509885,7.857161381191738,15.469782175693602,1,2219.519161599558,2,26.852065737098712,38.45658161694556,0.76795684286734,0.570385309302597,0,"[""Low GPA"", ""Low assignment completion"", ""Poor attendance""]"
S1488,3.876028710191397,1,0.4705334586880401,0.8805564841666633,9.519799905941916,13.898809598183904,1,4467.972932250658,0,41.99988803021717,25.436430628389534,4.137060319100304,0.2508681589560101,0,[]
S1489,3.7256594597272907,1,0.6182201098612446,0.7543226398125036,4.057919444360061,1.3620984440607764,0,3290.2749193061036,1,16.966141782785556,30.634737026501263,6.78887337188785,0.41092573471454963,0,[]
S1490,2.6391418819642825,3,0.4659099406723939,0.5683055597519288,5.6551544354289875,8.700875809467178,1,40.295516710598946,3,35.4449556386658,3.1685260003348326,2.3679758545618013,0.5703266407959293,0,"[""Low GPA"", ""Failed courses"", ""Low assignment completion""]"
S1491,3.050331494503842,1,0.7114460644893212,0.5309050300468304,4.41019250252933,27.930299126558992,1,4715.874114806425,3,49.689198768908604,1.8823351784007558,0.839625634467267,0.4064615493618287,0,[]
S1492,2.1934529574528314,2,0.3,0.43578070080527453,1.0603935127365396,11.754718898505,1,1185.722329888556,4,15.73144544675994,0.7779220147232468,7.700212284558287,0.7143724742053499,0,"[""Low GPA"", ""Low assignment completion"", ""Poor attendance""]"
S1493,1.9703028993094032,3,0.3,0.390849811385416,4.4728705260560435,16.40101561670305,1,538.0709237992942,2,33.70087674419837,7.551761110937778,6.301750848870414,0.75128887307501,0,"[""Low GPA"", ""Low assignment completion"", ""Poor attendance""]"
S1495,2.383380570065132,1,0.41780216022999006,0.5630394076325546,6.363899579651337,17.7129326946808,1,2502.386579333591,2,45.790379167533615,37.43304533611291,3.443080333199593,0.6020668633857328,0,"[""Low GPA"", ""Low assignment completion"", ""Poor attendance""]"
S1496,2.95914027962718,1,0.4350831949464051,0.6874326409706466,1.9113392315364304,1.8399286692984784,1,2168.852830090088,3,35.89663454700509,18.282386370631052,0.617623862901997,0.5121985770988828,0,"[""Low GPA"", ""Low assignment completion"", ""Limited resource utilization""]"
S1497,1.694336592412462,0,0.3,0.3,8.624255407244066,10.865287643961848,1,1247.515398413709,4,14.180396170856813,11.610204214901177,7.343500353352957,0.6937319919016295,0,"[""Low GPA"", ""Poor attendance"", ""Low assignment completion""]"
S1498,3.9359870191654163,1,0.8534972295141706,0.8613335076464594,5.779768103967186,21.693848216476624,1,2737.357449311593,0,16.314107578447324,22.47741014078653,5.2173341885324565,0.11507639165423376,0,[]
S1499,3.9655268611990073,1,0.8152851331986104,0.8720629436192232,8.575510255702085,6.016807532189487,0,1371.9230260129373,1,1.0379016061982105,4.47738312539157,2.132039313891351,0.14834056273218513,0,[]
